<ImportExportXml version="9.2.24015.196" SolutionPackageVersion="9.2" languagecode="1033" generatedBy="CrmLive" xmlns:xsi="http://www.w3.org/2001/XMLSchema-instance">
  <SolutionManifest>
    <UniqueName>AskSAP</UniqueName>
    <LocalizedNames>
      <LocalizedName description="SAP Procurement Approval and AI Builder flows" languagecode="1033" />
    </LocalizedNames>
    <Descriptions>
      <Description description="Upgrade of SAP Procurement Approval and AI Builder flows" languagecode="1033" />
    </Descriptions>
    <Version>1.2.0.13</Version>
    <Managed>0</Managed>
    <Publisher>
      <UniqueName>Barb</UniqueName>
      <LocalizedNames>
        <LocalizedName description="Barb" languagecode="1033" />
      </LocalizedNames>
      <Descriptions />
      <EMailAddress xsi:nil="true"></EMailAddress>
      <SupportingWebsiteUrl xsi:nil="true"></SupportingWebsiteUrl>
      <CustomizationPrefix>bb</CustomizationPrefix>
      <CustomizationOptionValuePrefix>12112</CustomizationOptionValuePrefix>
      <Addresses>
        <Address>
          <AddressNumber>1</AddressNumber>
          <AddressTypeCode>1</AddressTypeCode>
          <City xsi:nil="true"></City>
          <County xsi:nil="true"></County>
          <Country xsi:nil="true"></Country>
          <Fax xsi:nil="true"></Fax>
          <FreightTermsCode xsi:nil="true"></FreightTermsCode>
          <ImportSequenceNumber xsi:nil="true"></ImportSequenceNumber>
          <Latitude xsi:nil="true"></Latitude>
          <Line1 xsi:nil="true"></Line1>
          <Line2 xsi:nil="true"></Line2>
          <Line3 xsi:nil="true"></Line3>
          <Longitude xsi:nil="true"></Longitude>
          <Name xsi:nil="true"></Name>
          <PostalCode xsi:nil="true"></PostalCode>
          <PostOfficeBox xsi:nil="true"></PostOfficeBox>
          <PrimaryContactName xsi:nil="true"></PrimaryContactName>
          <ShippingMethodCode>1</ShippingMethodCode>
          <StateOrProvince xsi:nil="true"></StateOrProvince>
          <Telephone1 xsi:nil="true"></Telephone1>
          <Telephone2 xsi:nil="true"></Telephone2>
          <Telephone3 xsi:nil="true"></Telephone3>
          <TimeZoneRuleVersionNumber xsi:nil="true"></TimeZoneRuleVersionNumber>
          <UPSZone xsi:nil="true"></UPSZone>
          <UTCOffset xsi:nil="true"></UTCOffset>
          <UTCConversionTimeZoneCode xsi:nil="true"></UTCConversionTimeZoneCode>
        </Address>
        <Address>
          <AddressNumber>2</AddressNumber>
          <AddressTypeCode>1</AddressTypeCode>
          <City xsi:nil="true"></City>
          <County xsi:nil="true"></County>
          <Country xsi:nil="true"></Country>
          <Fax xsi:nil="true"></Fax>
          <FreightTermsCode xsi:nil="true"></FreightTermsCode>
          <ImportSequenceNumber xsi:nil="true"></ImportSequenceNumber>
          <Latitude xsi:nil="true"></Latitude>
          <Line1 xsi:nil="true"></Line1>
          <Line2 xsi:nil="true"></Line2>
          <Line3 xsi:nil="true"></Line3>
          <Longitude xsi:nil="true"></Longitude>
          <Name xsi:nil="true"></Name>
          <PostalCode xsi:nil="true"></PostalCode>
          <PostOfficeBox xsi:nil="true"></PostOfficeBox>
          <PrimaryContactName xsi:nil="true"></PrimaryContactName>
          <ShippingMethodCode>1</ShippingMethodCode>
          <StateOrProvince xsi:nil="true"></StateOrProvince>
          <Telephone1 xsi:nil="true"></Telephone1>
          <Telephone2 xsi:nil="true"></Telephone2>
          <Telephone3 xsi:nil="true"></Telephone3>
          <TimeZoneRuleVersionNumber xsi:nil="true"></TimeZoneRuleVersionNumber>
          <UPSZone xsi:nil="true"></UPSZone>
          <UTCOffset xsi:nil="true"></UTCOffset>
          <UTCConversionTimeZoneCode xsi:nil="true"></UTCConversionTimeZoneCode>
        </Address>
      </Addresses>
    </Publisher>
    <RootComponents>
      <RootComponent type="29" id="{01850ff0-e2ff-ed11-8f6e-002248049c83}" behavior="0" />
      <RootComponent type="29" id="{0c3b1231-f92a-ee11-bdf4-00224808117c}" behavior="0" />
      <RootComponent type="29" id="{0e9e01b5-6fe0-ed11-a7c6-002248049af9}" behavior="0" />
      <RootComponent type="29" id="{123f3ee5-72ef-ed11-8849-002248049b8b}" behavior="0" />
      <RootComponent type="29" id="{1265a3ea-8300-ee11-8f6e-0022480492d7}" behavior="0" />
      <RootComponent type="29" id="{216e748f-6556-ee11-be6f-0022482a916a}" behavior="0" />
      <RootComponent type="29" id="{21bad89b-ba19-ed11-b83e-000d3a315c79}" behavior="0" />
      <RootComponent type="29" id="{28d8aacf-21e5-ed11-a7c6-002248049af9}" behavior="0" />
      <RootComponent type="29" id="{2e617526-6660-ed11-9562-000d3a34194b}" behavior="0" />
      <RootComponent type="29" id="{2eb3a684-766a-ed11-9562-000d3a341930}" behavior="0" />
      <RootComponent type="29" id="{475f323d-40e8-ed11-a7c6-0022480492d7}" behavior="0" />
      <RootComponent type="29" id="{4a964bfd-ebd3-ed11-a7c7-002248049af9}" behavior="0" />
      <RootComponent type="29" id="{58824ce5-7304-ee11-8f6e-002248049c83}" behavior="0" />
      <RootComponent type="29" id="{5be20792-8600-ee11-8f6e-0022480492d7}" behavior="0" />
      <RootComponent type="29" id="{63f9fe91-8819-ed11-b83e-000d3a315c79}" behavior="0" />
      <RootComponent type="29" id="{69a219b2-78d5-ed11-a7c7-0022480492d7}" behavior="0" />
      <RootComponent type="29" id="{717e19c4-f0e5-ed11-a7c7-0022480492d7}" behavior="0" />
      <RootComponent type="29" id="{7c1b418e-9aee-ed11-8848-002248049af9}" behavior="0" />
      <RootComponent type="29" id="{87fed265-1f1f-ed11-b83e-000d3a5acccf}" behavior="0" />
      <RootComponent type="29" id="{89223cb2-6a60-ed11-9562-000d3a341930}" behavior="0" />
      <RootComponent type="29" id="{92ea76da-932f-ed11-9db1-002248083c33}" behavior="0" />
      <RootComponent type="29" id="{9304b186-f0e9-ed11-a7c5-002248049af9}" behavior="0" />
      <RootComponent type="29" id="{9df25ea5-81e0-ed11-a7c7-0022480492d7}" behavior="0" />
      <RootComponent type="29" id="{a251c9ae-0a69-ee11-9ae7-0022482804c6}" behavior="0" />
      <RootComponent type="29" id="{bb1fb474-f2ff-ed11-8f6e-0022480492d7}" behavior="0" />
      <RootComponent type="29" id="{c0d5750d-8800-ee11-8f6e-0022480492d7}" behavior="0" />
      <RootComponent type="29" id="{c7db5284-eae5-ed11-a7c7-0022480492d7}" behavior="0" />
      <RootComponent type="29" id="{cb4f0971-07d5-ed11-a7c7-0022480492d7}" behavior="0" />
      <RootComponent type="29" id="{cbb1ca3e-b850-ee11-be6f-0022482a9422}" behavior="0" />
      <RootComponent type="29" id="{e75d6437-f0e5-ed11-a7c7-0022480492d7}" behavior="0" />
      <RootComponent type="29" id="{e82a8118-997c-ed11-81ad-000d3a34194b}" behavior="0" />
      <RootComponent type="29" id="{f291ab93-af31-ee11-bdf3-002248081a55}" behavior="0" />
      <RootComponent type="300" schemaName="mpa_sappurchaseorders_70e14" behavior="0" />
      <RootComponent type="401" id="{da8cd5b3-f48d-42a4-8cb0-ed5c46ac391e}" behavior="0" />
    </RootComponents>
    <MissingDependencies>
      <MissingDependency>
        <Required type="1" schemaName="mpa_saperror" displayName="SAP Error" solution="mpa_SAPBase (1.0.0.65)" />
        <Dependent type="29" displayName="CreateVendorInvoice" id="{01850ff0-e2ff-ed11-8f6e-002248049c83}" />
      </MissingDependency>
      <MissingDependency>
        <Required type="1" schemaName="mpa_saperror" displayName="SAP Error" solution="mpa_SAPBase (1.0.0.65)" />
        <Dependent type="29" displayName="ReadPurchaseOrder" id="{0c3b1231-f92a-ee11-bdf4-00224808117c}" />
      </MissingDependency>
      <MissingDependency>
        <Required type="1" schemaName="mpa_saperror" displayName="SAP Error" solution="mpa_SAPBase (1.0.0.65)" />
        <Dependent type="29" displayName="ReadVendorInvoice" id="{1265a3ea-8300-ee11-8f6e-0022480492d7}" />
      </MissingDependency>
      <MissingDependency>
        <Required type="1" schemaName="mpa_saperror" displayName="SAP Error" solution="mpa_SAPBase (1.0.0.65)" />
        <Dependent type="29" displayName="ReadPurchaseOrderList" id="{21bad89b-ba19-ed11-b83e-000d3a315c79}" />
      </MissingDependency>
      <MissingDependency>
        <Required type="1" schemaName="mpa_saperror" displayName="SAP Error" solution="mpa_SAPBase (1.0.0.65)" />
        <Dependent type="29" displayName="CreateRequisition" id="{2e617526-6660-ed11-9562-000d3a34194b}" />
      </MissingDependency>
      <MissingDependency>
        <Required type="1" schemaName="mpa_saperror" displayName="SAP Error" solution="mpa_SAPBase (1.0.0.65)" />
        <Dependent type="29" displayName="ReadGoodsReceiptList" id="{2eb3a684-766a-ed11-9562-000d3a341930}" />
      </MissingDependency>
      <MissingDependency>
        <Required type="1" schemaName="mpa_saperror" displayName="SAP Error" solution="mpa_SAPBase (1.0.0.65)" />
        <Dependent type="29" displayName="ReadVendorInvoiceList" id="{5be20792-8600-ee11-8f6e-0022480492d7}" />
      </MissingDependency>
      <MissingDependency>
        <Required type="1" schemaName="mpa_saperror" displayName="SAP Error" solution="mpa_SAPBase (1.0.0.65)" />
        <Dependent type="29" displayName="ReadRequisitionList" id="{69a219b2-78d5-ed11-a7c7-0022480492d7}" />
      </MissingDependency>
      <MissingDependency>
        <Required type="1" schemaName="mpa_saperror" displayName="SAP Error" solution="mpa_SAPBase (1.0.0.65)" />
        <Dependent type="29" displayName="ReadGoodsReceipt" id="{7c1b418e-9aee-ed11-8848-002248049af9}" />
      </MissingDependency>
      <MissingDependency>
        <Required type="1" schemaName="mpa_saperror" displayName="SAP Error" solution="mpa_SAPBase (1.0.0.65)" />
        <Dependent type="29" displayName="UpdateRequisition" id="{89223cb2-6a60-ed11-9562-000d3a341930}" />
      </MissingDependency>
      <MissingDependency>
        <Required type="1" schemaName="mpa_saperror" displayName="SAP Error" solution="mpa_SAPBase (1.0.0.65)" />
        <Dependent type="29" displayName="ReadVendorPaymentList" id="{92ea76da-932f-ed11-9db1-002248083c33}" />
      </MissingDependency>
      <MissingDependency>
        <Required type="1" schemaName="mpa_saperror" displayName="SAP Error" solution="mpa_SAPBase (1.0.0.65)" />
        <Dependent type="29" displayName="CreatePurchaseOrder" id="{9304b186-f0e9-ed11-a7c5-002248049af9}" />
      </MissingDependency>
      <MissingDependency>
        <Required type="1" schemaName="mpa_saperror" displayName="SAP Error" solution="mpa_SAPBase (1.0.0.65)" />
        <Dependent type="29" displayName="CreatePurchaseOrderWithTeamsApproval" id="{a251c9ae-0a69-ee11-9ae7-0022482804c6}" />
      </MissingDependency>
      <MissingDependency>
        <Required type="1" schemaName="mpa_saperror" displayName="SAP Error" solution="mpa_SAPBase (1.0.0.65)" />
        <Dependent type="29" displayName="ApprovePurchaseOrderFromTeams" id="{cbb1ca3e-b850-ee11-be6f-0022482a9422}" />
      </MissingDependency>
      <MissingDependency>
        <Required type="1" schemaName="mpa_saperror" displayName="SAP Error" solution="mpa_SAPBase (1.0.0.65)" />
        <Dependent type="29" displayName="ReadVendorPayment" id="{e82a8118-997c-ed11-81ad-000d3a34194b}" />
      </MissingDependency>
      <MissingDependency>
        <Required type="1" schemaName="mpa_saperror" displayName="SAP Error" solution="mpa_SAPBase (1.0.0.65)" />
        <Dependent type="300" schemaName="mpa_sappurchaseorders_70e14" displayName="SAP Purchase Orders" />
      </MissingDependency>
      <MissingDependency>
        <Required type="1" schemaName="mpa_saplistofvalue" displayName="SAP List of Value" solution="mpa_SAPBase (1.0.0.65)" />
        <Dependent type="300" schemaName="mpa_sappurchaseorders_70e14" displayName="SAP Purchase Orders" />
      </MissingDependency>
      <MissingDependency>
        <Required type="1" schemaName="mpa_saplocalization" displayName="SAP Localization" solution="mpa_SAPBase (1.0.0.65)" />
        <Dependent type="300" schemaName="mpa_sappurchaseorders_70e14" displayName="SAP Purchase Orders" />
      </MissingDependency>
      <MissingDependency>
        <Required type="1" schemaName="mpa_sapmenuitem" displayName="SAP Menu Item" solution="mpa_SAPBase (1.0.0.65)" />
        <Dependent type="29" displayName="CreatePurchaseOrderWithTeamsApproval" id="{a251c9ae-0a69-ee11-9ae7-0022482804c6}" />
      </MissingDependency>
      <MissingDependency>
        <Required type="1" schemaName="mpa_sapmenuitem" displayName="SAP Menu Item" solution="mpa_SAPBase (1.0.0.65)" />
        <Dependent type="300" schemaName="mpa_sappurchaseorders_70e14" displayName="SAP Purchase Orders" />
      </MissingDependency>
      <MissingDependency>
        <Required type="1" schemaName="mpa_sapsearchhistory" displayName="SAP Search History" solution="mpa_SAPBase (1.0.0.65)" />
        <Dependent type="300" schemaName="mpa_sappurchaseorders_70e14" displayName="SAP Purchase Orders" />
      </MissingDependency>
      <MissingDependency>
        <Required type="1" schemaName="msdyn_flow_approval" displayName="Approval" solution="msdyn_FlowApprovalsCore (2.0.4.8)">
          <package>msdyn_FlowApprovals (2.0.4.8)</package>
        </Required>
        <Dependent type="29" displayName="ApprovePurchaseOrderFromTeams" id="{cbb1ca3e-b850-ee11-be6f-0022482a9422}" />
      </MissingDependency>
      <MissingDependency>
        <Required type="29" displayName="CreateVendorInvoice" solution="mpa_SAPProcurement (1.0.0.125)" id="{01850ff0-e2ff-ed11-8f6e-002248049c83}" />
        <Dependent type="29" displayName="CreateVendorInvoice" id="{01850ff0-e2ff-ed11-8f6e-002248049c83}" />
      </MissingDependency>
      <MissingDependency>
        <Required type="29" displayName="ReadPurchaseOrder" solution="mpa_SAPProcurement (1.0.0.125)" id="{0c3b1231-f92a-ee11-bdf4-00224808117c}" />
        <Dependent type="29" displayName="ReadPurchaseOrder" id="{0c3b1231-f92a-ee11-bdf4-00224808117c}" />
      </MissingDependency>
      <MissingDependency>
        <Required type="29" displayName="ReadGLAccountList" solution="mpa_SAPProcurement (1.0.0.125)" id="{0e9e01b5-6fe0-ed11-a7c6-002248049af9}" />
        <Dependent type="29" displayName="ReadGLAccountList" id="{0e9e01b5-6fe0-ed11-a7c6-002248049af9}" />
      </MissingDependency>
      <MissingDependency>
        <Required type="29" displayName="ReadMaterial" solution="mpa_SAPProcurement (1.0.0.125)" id="{123f3ee5-72ef-ed11-8849-002248049b8b}" />
        <Dependent type="29" displayName="ReadMaterial" id="{123f3ee5-72ef-ed11-8849-002248049b8b}" />
      </MissingDependency>
      <MissingDependency>
        <Required type="29" displayName="ReadMaterial" solution="mpa_SAPProcurement (1.0.0.125)" id="{123f3ee5-72ef-ed11-8849-002248049b8b}" />
        <Dependent type="300" schemaName="mpa_sappurchaseorders_70e14" displayName="SAP Purchase Orders" />
      </MissingDependency>
      <MissingDependency>
        <Required type="29" displayName="ReadVendorInvoice" solution="mpa_SAPProcurement (1.0.0.125)" id="{1265a3ea-8300-ee11-8f6e-0022480492d7}" />
        <Dependent type="29" displayName="ReadVendorInvoice" id="{1265a3ea-8300-ee11-8f6e-0022480492d7}" />
      </MissingDependency>
      <MissingDependency>
        <Required type="29" displayName="ReadPurchaseOrderList" solution="mpa_SAPProcurement (1.0.0.125)" id="{21bad89b-ba19-ed11-b83e-000d3a315c79}" />
        <Dependent type="29" displayName="ReadPurchaseOrderList" id="{21bad89b-ba19-ed11-b83e-000d3a315c79}" />
      </MissingDependency>
      <MissingDependency>
        <Required type="29" displayName="ReadMaterialList" solution="mpa_SAPProcurement (1.0.0.125)" id="{28d8aacf-21e5-ed11-a7c6-002248049af9}" />
        <Dependent type="29" displayName="ReadMaterialList" id="{28d8aacf-21e5-ed11-a7c6-002248049af9}" />
      </MissingDependency>
      <MissingDependency>
        <Required type="29" displayName="ReadMaterialList" solution="mpa_SAPProcurement (1.0.0.125)" id="{28d8aacf-21e5-ed11-a7c6-002248049af9}" />
        <Dependent type="300" schemaName="mpa_sappurchaseorders_70e14" displayName="SAP Purchase Orders" />
      </MissingDependency>
      <MissingDependency>
        <Required type="29" displayName="CreateRequisition" solution="mpa_SAPProcurement (1.0.0.125)" id="{2e617526-6660-ed11-9562-000d3a34194b}" />
        <Dependent type="29" displayName="CreateRequisition" id="{2e617526-6660-ed11-9562-000d3a34194b}" />
      </MissingDependency>
      <MissingDependency>
        <Required type="29" displayName="ReadGoodsReceiptList" solution="mpa_SAPProcurement (1.0.0.125)" id="{2eb3a684-766a-ed11-9562-000d3a341930}" />
        <Dependent type="29" displayName="ReadGoodsReceiptList" id="{2eb3a684-766a-ed11-9562-000d3a341930}" />
      </MissingDependency>
      <MissingDependency>
        <Required type="29" displayName="ApprovePurchaseOrder" solution="mpa_SAPProcurement (1.0.0.125)" id="{475f323d-40e8-ed11-a7c6-0022480492d7}" />
        <Dependent type="29" displayName="ApprovePurchaseOrder" id="{475f323d-40e8-ed11-a7c6-0022480492d7}" />
      </MissingDependency>
      <MissingDependency>
        <Required type="29" displayName="ApprovePurchaseOrder" solution="mpa_SAPProcurement (1.0.0.125)" id="{475f323d-40e8-ed11-a7c6-0022480492d7}" />
        <Dependent type="300" schemaName="mpa_sappurchaseorders_70e14" displayName="SAP Purchase Orders" />
      </MissingDependency>
      <MissingDependency>
        <Required type="29" displayName="ReadVendor" solution="mpa_SAPProcurement (1.0.0.125)" id="{4a964bfd-ebd3-ed11-a7c7-002248049af9}" />
        <Dependent type="29" displayName="ReadVendor" id="{4a964bfd-ebd3-ed11-a7c7-002248049af9}" />
      </MissingDependency>
      <MissingDependency>
        <Required type="29" displayName="ReadVendor" solution="mpa_SAPProcurement (1.0.0.125)" id="{4a964bfd-ebd3-ed11-a7c7-002248049af9}" />
        <Dependent type="300" schemaName="mpa_sappurchaseorders_70e14" displayName="SAP Purchase Orders" />
      </MissingDependency>
      <MissingDependency>
        <Required type="29" displayName="UpdateVendorInvoice" solution="mpa_SAPProcurement (1.0.0.125)" id="{58824ce5-7304-ee11-8f6e-002248049c83}" />
        <Dependent type="29" displayName="UpdateVendorInvoice" id="{58824ce5-7304-ee11-8f6e-002248049c83}" />
      </MissingDependency>
      <MissingDependency>
        <Required type="29" displayName="ReadVendorInvoiceList" solution="mpa_SAPProcurement (1.0.0.125)" id="{5be20792-8600-ee11-8f6e-0022480492d7}" />
        <Dependent type="29" displayName="ReadVendorInvoiceList" id="{5be20792-8600-ee11-8f6e-0022480492d7}" />
      </MissingDependency>
      <MissingDependency>
        <Required type="29" displayName="ReadVendorList" solution="mpa_SAPProcurement (1.0.0.125)" id="{63f9fe91-8819-ed11-b83e-000d3a315c79}" />
        <Dependent type="29" displayName="ReadVendorList" id="{63f9fe91-8819-ed11-b83e-000d3a315c79}" />
      </MissingDependency>
      <MissingDependency>
        <Required type="29" displayName="ReadVendorList" solution="mpa_SAPProcurement (1.0.0.125)" id="{63f9fe91-8819-ed11-b83e-000d3a315c79}" />
        <Dependent type="300" schemaName="mpa_sappurchaseorders_70e14" displayName="SAP Purchase Orders" />
      </MissingDependency>
      <MissingDependency>
        <Required type="29" displayName="ReadRequisitionList" solution="mpa_SAPProcurement (1.0.0.125)" id="{69a219b2-78d5-ed11-a7c7-0022480492d7}" />
        <Dependent type="29" displayName="ReadRequisitionList" id="{69a219b2-78d5-ed11-a7c7-0022480492d7}" />
      </MissingDependency>
      <MissingDependency>
        <Required type="29" displayName="ReadRequisition" solution="mpa_SAPProcurement (1.0.0.125)" id="{717e19c4-f0e5-ed11-a7c7-0022480492d7}" />
        <Dependent type="29" displayName="ReadRequisition" id="{717e19c4-f0e5-ed11-a7c7-0022480492d7}" />
      </MissingDependency>
      <MissingDependency>
        <Required type="29" displayName="ReadGoodsReceipt" solution="mpa_SAPProcurement (1.0.0.125)" id="{7c1b418e-9aee-ed11-8848-002248049af9}" />
        <Dependent type="29" displayName="ReadGoodsReceipt" id="{7c1b418e-9aee-ed11-8848-002248049af9}" />
      </MissingDependency>
      <MissingDependency>
        <Required type="29" displayName="UpdatePurchaseOrder" solution="mpa_SAPProcurement (1.0.0.125)" id="{87fed265-1f1f-ed11-b83e-000d3a5acccf}" />
        <Dependent type="29" displayName="UpdatePurchaseOrder" id="{87fed265-1f1f-ed11-b83e-000d3a5acccf}" />
      </MissingDependency>
      <MissingDependency>
        <Required type="29" displayName="UpdatePurchaseOrder" solution="mpa_SAPProcurement (1.0.0.125)" id="{87fed265-1f1f-ed11-b83e-000d3a5acccf}" />
        <Dependent type="300" schemaName="mpa_sappurchaseorders_70e14" displayName="SAP Purchase Orders" />
      </MissingDependency>
      <MissingDependency>
        <Required type="29" displayName="UpdateRequisition" solution="mpa_SAPProcurement (1.0.0.125)" id="{89223cb2-6a60-ed11-9562-000d3a341930}" />
        <Dependent type="29" displayName="UpdateRequisition" id="{89223cb2-6a60-ed11-9562-000d3a341930}" />
      </MissingDependency>
      <MissingDependency>
        <Required type="29" displayName="ReadVendorPaymentList" solution="mpa_SAPProcurement (1.0.0.125)" id="{92ea76da-932f-ed11-9db1-002248083c33}" />
        <Dependent type="29" displayName="ReadVendorPaymentList" id="{92ea76da-932f-ed11-9db1-002248083c33}" />
      </MissingDependency>
      <MissingDependency>
        <Required type="29" displayName="CreatePurchaseOrder" solution="mpa_SAPProcurement (1.0.0.125)" id="{9304b186-f0e9-ed11-a7c5-002248049af9}" />
        <Dependent type="29" displayName="CreatePurchaseOrder" id="{9304b186-f0e9-ed11-a7c5-002248049af9}" />
      </MissingDependency>
      <MissingDependency>
        <Required type="29" displayName="ReadGLAccount" solution="mpa_SAPProcurement (1.0.0.125)" id="{9df25ea5-81e0-ed11-a7c7-0022480492d7}" />
        <Dependent type="29" displayName="ReadGLAccount" id="{9df25ea5-81e0-ed11-a7c7-0022480492d7}" />
      </MissingDependency>
      <MissingDependency>
        <Required type="29" displayName="ApproveVendorInvoice" solution="mpa_SAPProcurement (1.0.0.125)" id="{bb1fb474-f2ff-ed11-8f6e-0022480492d7}" />
        <Dependent type="29" displayName="ApproveVendorInvoice" id="{bb1fb474-f2ff-ed11-8f6e-0022480492d7}" />
      </MissingDependency>
      <MissingDependency>
        <Required type="29" displayName="ReverseVendorInvoice" solution="mpa_SAPProcurement (1.0.0.125)" id="{c0d5750d-8800-ee11-8f6e-0022480492d7}" />
        <Dependent type="29" displayName="ReverseVendorInvoice" id="{c0d5750d-8800-ee11-8f6e-0022480492d7}" />
      </MissingDependency>
      <MissingDependency>
        <Required type="29" displayName="CreateGoodsReceipt" solution="mpa_SAPProcurement (1.0.0.125)" id="{c7db5284-eae5-ed11-a7c7-0022480492d7}" />
        <Dependent type="29" displayName="CreateGoodsReceipt" id="{c7db5284-eae5-ed11-a7c7-0022480492d7}" />
      </MissingDependency>
      <MissingDependency>
        <Required type="29" displayName="CreateGoodsReceipt" solution="mpa_SAPProcurement (1.0.0.125)" id="{c7db5284-eae5-ed11-a7c7-0022480492d7}" />
        <Dependent type="300" schemaName="mpa_sappurchaseorders_70e14" displayName="SAP Purchase Orders" />
      </MissingDependency>
      <MissingDependency>
        <Required type="29" displayName="UpdateVendor" solution="mpa_SAPProcurement (1.0.0.125)" id="{cb4f0971-07d5-ed11-a7c7-0022480492d7}" />
        <Dependent type="29" displayName="UpdateVendor" id="{cb4f0971-07d5-ed11-a7c7-0022480492d7}" />
      </MissingDependency>
      <MissingDependency>
        <Required type="29" displayName="ConvertRequisitionToPurchaseOrder" solution="mpa_SAPProcurement (1.0.0.125)" id="{e75d6437-f0e5-ed11-a7c7-0022480492d7}" />
        <Dependent type="29" displayName="ConvertRequisitionToPurchaseOrder" id="{e75d6437-f0e5-ed11-a7c7-0022480492d7}" />
      </MissingDependency>
      <MissingDependency>
        <Required type="29" displayName="ReadVendorPayment" solution="mpa_SAPProcurement (1.0.0.125)" id="{e82a8118-997c-ed11-81ad-000d3a34194b}" />
        <Dependent type="29" displayName="ReadVendorPayment" id="{e82a8118-997c-ed11-81ad-000d3a34194b}" />
      </MissingDependency>
      <MissingDependency>
        <Required type="29" displayName="CreateVendor" solution="mpa_SAPProcurement (1.0.0.125)" id="{f291ab93-af31-ee11-bdf3-002248081a55}" />
        <Dependent type="29" displayName="CreateVendor" id="{f291ab93-af31-ee11-bdf3-002248081a55}" />
      </MissingDependency>
      <MissingDependency>
        <Required type="300" schemaName="mpa_sappurchaseorders_70e14" displayName="SAP Purchase Orders" solution="mpa_SAPProcurement (1.0.0.125)" />
        <Dependent type="300" schemaName="mpa_sappurchaseorders_70e14" displayName="SAP Purchase Orders" />
      </MissingDependency>
      <MissingDependency>
        <Required type="connectionreference" displayName="mpa_SAPDataverse" solution="mpa_SAPProcurement (1.0.0.125)" id.connectionreferencelogicalname="mpa_SAPDataverse" />
        <Dependent type="connectionreference" displayName="mpa_SAPDataverse" id.connectionreferencelogicalname="mpa_SAPDataverse" />
      </MissingDependency>
      <MissingDependency>
        <Required type="connectionreference" displayName="mpa_SAPERP" solution="mpa_SAPProcurement (1.0.0.125)" id.connectionreferencelogicalname="mpa_SAPERP" />
        <Dependent type="29" displayName="CreateVendorInvoice" id="{01850ff0-e2ff-ed11-8f6e-002248049c83}" />
      </MissingDependency>
      <MissingDependency>
        <Required type="connectionreference" displayName="mpa_SAPERP" solution="mpa_SAPProcurement (1.0.0.125)" id.connectionreferencelogicalname="mpa_SAPERP" />
        <Dependent type="29" displayName="ReadPurchaseOrder" id="{0c3b1231-f92a-ee11-bdf4-00224808117c}" />
      </MissingDependency>
      <MissingDependency>
        <Required type="connectionreference" displayName="mpa_SAPERP" solution="mpa_SAPProcurement (1.0.0.125)" id.connectionreferencelogicalname="mpa_SAPERP" />
        <Dependent type="29" displayName="ReadVendorInvoice" id="{1265a3ea-8300-ee11-8f6e-0022480492d7}" />
      </MissingDependency>
      <MissingDependency>
        <Required type="connectionreference" displayName="mpa_SAPERP" solution="mpa_SAPProcurement (1.0.0.125)" id.connectionreferencelogicalname="mpa_SAPERP" />
        <Dependent type="29" displayName="CreateVendorInvoiceFromEmail" id="{216e748f-6556-ee11-be6f-0022482a916a}" />
      </MissingDependency>
      <MissingDependency>
        <Required type="connectionreference" displayName="mpa_SAPERP" solution="mpa_SAPProcurement (1.0.0.125)" id.connectionreferencelogicalname="mpa_SAPERP" />
        <Dependent type="29" displayName="ReadPurchaseOrderList" id="{21bad89b-ba19-ed11-b83e-000d3a315c79}" />
      </MissingDependency>
      <MissingDependency>
        <Required type="connectionreference" displayName="mpa_SAPERP" solution="mpa_SAPProcurement (1.0.0.125)" id.connectionreferencelogicalname="mpa_SAPERP" />
        <Dependent type="29" displayName="CreateRequisition" id="{2e617526-6660-ed11-9562-000d3a34194b}" />
      </MissingDependency>
      <MissingDependency>
        <Required type="connectionreference" displayName="mpa_SAPERP" solution="mpa_SAPProcurement (1.0.0.125)" id.connectionreferencelogicalname="mpa_SAPERP" />
        <Dependent type="29" displayName="ReadGoodsReceiptList" id="{2eb3a684-766a-ed11-9562-000d3a341930}" />
      </MissingDependency>
      <MissingDependency>
        <Required type="connectionreference" displayName="mpa_SAPERP" solution="mpa_SAPProcurement (1.0.0.125)" id.connectionreferencelogicalname="mpa_SAPERP" />
        <Dependent type="29" displayName="ReadVendorInvoiceList" id="{5be20792-8600-ee11-8f6e-0022480492d7}" />
      </MissingDependency>
      <MissingDependency>
        <Required type="connectionreference" displayName="mpa_SAPERP" solution="mpa_SAPProcurement (1.0.0.125)" id.connectionreferencelogicalname="mpa_SAPERP" />
        <Dependent type="29" displayName="ReadRequisitionList" id="{69a219b2-78d5-ed11-a7c7-0022480492d7}" />
      </MissingDependency>
      <MissingDependency>
        <Required type="connectionreference" displayName="mpa_SAPERP" solution="mpa_SAPProcurement (1.0.0.125)" id.connectionreferencelogicalname="mpa_SAPERP" />
        <Dependent type="29" displayName="ReadGoodsReceipt" id="{7c1b418e-9aee-ed11-8848-002248049af9}" />
      </MissingDependency>
      <MissingDependency>
        <Required type="connectionreference" displayName="mpa_SAPERP" solution="mpa_SAPProcurement (1.0.0.125)" id.connectionreferencelogicalname="mpa_SAPERP" />
        <Dependent type="29" displayName="UpdateRequisition" id="{89223cb2-6a60-ed11-9562-000d3a341930}" />
      </MissingDependency>
      <MissingDependency>
        <Required type="connectionreference" displayName="mpa_SAPERP" solution="mpa_SAPProcurement (1.0.0.125)" id.connectionreferencelogicalname="mpa_SAPERP" />
        <Dependent type="29" displayName="ReadVendorPaymentList" id="{92ea76da-932f-ed11-9db1-002248083c33}" />
      </MissingDependency>
      <MissingDependency>
        <Required type="connectionreference" displayName="mpa_SAPERP" solution="mpa_SAPProcurement (1.0.0.125)" id.connectionreferencelogicalname="mpa_SAPERP" />
        <Dependent type="29" displayName="CreatePurchaseOrder" id="{9304b186-f0e9-ed11-a7c5-002248049af9}" />
      </MissingDependency>
      <MissingDependency>
        <Required type="connectionreference" displayName="mpa_SAPERP" solution="mpa_SAPProcurement (1.0.0.125)" id.connectionreferencelogicalname="mpa_SAPERP" />
        <Dependent type="29" displayName="CreatePurchaseOrderWithTeamsApproval" id="{a251c9ae-0a69-ee11-9ae7-0022482804c6}" />
      </MissingDependency>
      <MissingDependency>
        <Required type="connectionreference" displayName="mpa_SAPERP" solution="mpa_SAPProcurement (1.0.0.125)" id.connectionreferencelogicalname="mpa_SAPERP" />
        <Dependent type="29" displayName="ReadVendorPayment" id="{e82a8118-997c-ed11-81ad-000d3a34194b}" />
      </MissingDependency>
      <MissingDependency>
        <Required type="EnvironmentVariableDefinition" displayName="mpa_SAPApplicationServer" solution="mpa_SAPBase (1.0.0.65)" id.schemaname="mpa_SAPApplicationServer" />
        <Dependent type="29" displayName="CreateVendorInvoice" id="{01850ff0-e2ff-ed11-8f6e-002248049c83}" />
      </MissingDependency>
      <MissingDependency>
        <Required type="EnvironmentVariableDefinition" displayName="mpa_SAPApplicationServer" solution="mpa_SAPBase (1.0.0.65)" id.schemaname="mpa_SAPApplicationServer" />
        <Dependent type="29" displayName="ReadPurchaseOrder" id="{0c3b1231-f92a-ee11-bdf4-00224808117c}" />
      </MissingDependency>
      <MissingDependency>
        <Required type="EnvironmentVariableDefinition" displayName="mpa_SAPApplicationServer" solution="mpa_SAPBase (1.0.0.65)" id.schemaname="mpa_SAPApplicationServer" />
        <Dependent type="29" displayName="ReadVendorInvoice" id="{1265a3ea-8300-ee11-8f6e-0022480492d7}" />
      </MissingDependency>
      <MissingDependency>
        <Required type="EnvironmentVariableDefinition" displayName="mpa_SAPApplicationServer" solution="mpa_SAPBase (1.0.0.65)" id.schemaname="mpa_SAPApplicationServer" />
        <Dependent type="29" displayName="CreateVendorInvoiceFromEmail" id="{216e748f-6556-ee11-be6f-0022482a916a}" />
      </MissingDependency>
      <MissingDependency>
        <Required type="EnvironmentVariableDefinition" displayName="mpa_SAPApplicationServer" solution="mpa_SAPBase (1.0.0.65)" id.schemaname="mpa_SAPApplicationServer" />
        <Dependent type="29" displayName="ReadPurchaseOrderList" id="{21bad89b-ba19-ed11-b83e-000d3a315c79}" />
      </MissingDependency>
      <MissingDependency>
        <Required type="EnvironmentVariableDefinition" displayName="mpa_SAPApplicationServer" solution="mpa_SAPBase (1.0.0.65)" id.schemaname="mpa_SAPApplicationServer" />
        <Dependent type="29" displayName="CreateRequisition" id="{2e617526-6660-ed11-9562-000d3a34194b}" />
      </MissingDependency>
      <MissingDependency>
        <Required type="EnvironmentVariableDefinition" displayName="mpa_SAPApplicationServer" solution="mpa_SAPBase (1.0.0.65)" id.schemaname="mpa_SAPApplicationServer" />
        <Dependent type="29" displayName="ReadGoodsReceiptList" id="{2eb3a684-766a-ed11-9562-000d3a341930}" />
      </MissingDependency>
      <MissingDependency>
        <Required type="EnvironmentVariableDefinition" displayName="mpa_SAPApplicationServer" solution="mpa_SAPBase (1.0.0.65)" id.schemaname="mpa_SAPApplicationServer" />
        <Dependent type="29" displayName="ReadVendorInvoiceList" id="{5be20792-8600-ee11-8f6e-0022480492d7}" />
      </MissingDependency>
      <MissingDependency>
        <Required type="EnvironmentVariableDefinition" displayName="mpa_SAPApplicationServer" solution="mpa_SAPBase (1.0.0.65)" id.schemaname="mpa_SAPApplicationServer" />
        <Dependent type="29" displayName="ReadRequisitionList" id="{69a219b2-78d5-ed11-a7c7-0022480492d7}" />
      </MissingDependency>
      <MissingDependency>
        <Required type="EnvironmentVariableDefinition" displayName="mpa_SAPApplicationServer" solution="mpa_SAPBase (1.0.0.65)" id.schemaname="mpa_SAPApplicationServer" />
        <Dependent type="29" displayName="ReadGoodsReceipt" id="{7c1b418e-9aee-ed11-8848-002248049af9}" />
      </MissingDependency>
      <MissingDependency>
        <Required type="EnvironmentVariableDefinition" displayName="mpa_SAPApplicationServer" solution="mpa_SAPBase (1.0.0.65)" id.schemaname="mpa_SAPApplicationServer" />
        <Dependent type="29" displayName="UpdateRequisition" id="{89223cb2-6a60-ed11-9562-000d3a341930}" />
      </MissingDependency>
      <MissingDependency>
        <Required type="EnvironmentVariableDefinition" displayName="mpa_SAPApplicationServer" solution="mpa_SAPBase (1.0.0.65)" id.schemaname="mpa_SAPApplicationServer" />
        <Dependent type="29" displayName="ReadVendorPaymentList" id="{92ea76da-932f-ed11-9db1-002248083c33}" />
      </MissingDependency>
      <MissingDependency>
        <Required type="EnvironmentVariableDefinition" displayName="mpa_SAPApplicationServer" solution="mpa_SAPBase (1.0.0.65)" id.schemaname="mpa_SAPApplicationServer" />
        <Dependent type="29" displayName="CreatePurchaseOrder" id="{9304b186-f0e9-ed11-a7c5-002248049af9}" />
      </MissingDependency>
      <MissingDependency>
        <Required type="EnvironmentVariableDefinition" displayName="mpa_SAPApplicationServer" solution="mpa_SAPBase (1.0.0.65)" id.schemaname="mpa_SAPApplicationServer" />
        <Dependent type="29" displayName="CreatePurchaseOrderWithTeamsApproval" id="{a251c9ae-0a69-ee11-9ae7-0022482804c6}" />
      </MissingDependency>
      <MissingDependency>
        <Required type="EnvironmentVariableDefinition" displayName="mpa_SAPApplicationServer" solution="mpa_SAPBase (1.0.0.65)" id.schemaname="mpa_SAPApplicationServer" />
        <Dependent type="29" displayName="ApprovePurchaseOrderFromTeams" id="{cbb1ca3e-b850-ee11-be6f-0022482a9422}" />
      </MissingDependency>
      <MissingDependency>
        <Required type="EnvironmentVariableDefinition" displayName="mpa_SAPApplicationServer" solution="mpa_SAPBase (1.0.0.65)" id.schemaname="mpa_SAPApplicationServer" />
        <Dependent type="29" displayName="ReadVendorPayment" id="{e82a8118-997c-ed11-81ad-000d3a34194b}" />
      </MissingDependency>
      <MissingDependency>
        <Required type="EnvironmentVariableDefinition" displayName="mpa_SAPCountofRowsToRead" solution="mpa_SAPBase (1.0.0.65)" id.schemaname="mpa_SAPCountofRowsToRead" />
        <Dependent type="29" displayName="ReadPurchaseOrder" id="{0c3b1231-f92a-ee11-bdf4-00224808117c}" />
      </MissingDependency>
      <MissingDependency>
        <Required type="EnvironmentVariableDefinition" displayName="mpa_SAPCountofRowsToRead" solution="mpa_SAPBase (1.0.0.65)" id.schemaname="mpa_SAPCountofRowsToRead" />
        <Dependent type="29" displayName="ReadPurchaseOrderList" id="{21bad89b-ba19-ed11-b83e-000d3a315c79}" />
      </MissingDependency>
      <MissingDependency>
        <Required type="EnvironmentVariableDefinition" displayName="mpa_SAPCountofRowsToRead" solution="mpa_SAPBase (1.0.0.65)" id.schemaname="mpa_SAPCountofRowsToRead" />
        <Dependent type="29" displayName="ReadGoodsReceiptList" id="{2eb3a684-766a-ed11-9562-000d3a341930}" />
      </MissingDependency>
      <MissingDependency>
        <Required type="EnvironmentVariableDefinition" displayName="mpa_SAPCountofRowsToRead" solution="mpa_SAPBase (1.0.0.65)" id.schemaname="mpa_SAPCountofRowsToRead" />
        <Dependent type="29" displayName="ReadVendorInvoiceList" id="{5be20792-8600-ee11-8f6e-0022480492d7}" />
      </MissingDependency>
      <MissingDependency>
        <Required type="EnvironmentVariableDefinition" displayName="mpa_SAPCountofRowsToRead" solution="mpa_SAPBase (1.0.0.65)" id.schemaname="mpa_SAPCountofRowsToRead" />
        <Dependent type="29" displayName="ReadRequisitionList" id="{69a219b2-78d5-ed11-a7c7-0022480492d7}" />
      </MissingDependency>
      <MissingDependency>
        <Required type="EnvironmentVariableDefinition" displayName="mpa_SAPCountofRowsToRead" solution="mpa_SAPBase (1.0.0.65)" id.schemaname="mpa_SAPCountofRowsToRead" />
        <Dependent type="29" displayName="ReadGoodsReceipt" id="{7c1b418e-9aee-ed11-8848-002248049af9}" />
      </MissingDependency>
      <MissingDependency>
        <Required type="EnvironmentVariableDefinition" displayName="mpa_SAPCountofRowsToRead" solution="mpa_SAPBase (1.0.0.65)" id.schemaname="mpa_SAPCountofRowsToRead" />
        <Dependent type="29" displayName="ReadVendorPaymentList" id="{92ea76da-932f-ed11-9db1-002248083c33}" />
      </MissingDependency>
      <MissingDependency>
        <Required type="EnvironmentVariableDefinition" displayName="mpa_SAPCountofRowsToRead" solution="mpa_SAPBase (1.0.0.65)" id.schemaname="mpa_SAPCountofRowsToRead" />
        <Dependent type="29" displayName="ReadVendorPayment" id="{e82a8118-997c-ed11-81ad-000d3a34194b}" />
      </MissingDependency>
    </MissingDependencies>
  </SolutionManifest>
</ImportExportXml>