<ImportExportXml version="9.2.23093.252" SolutionPackageVersion="9.2" languagecode="1033" generatedBy="CrmLive" xmlns:xsi="http://www.w3.org/2001/XMLSchema-instance">
  <SolutionManifest>
    <UniqueName>AskSAP</UniqueName>
    <LocalizedNames>
      <LocalizedName description="SAP Procurement Approval and AI Builder flows" languagecode="1033" />
    </LocalizedNames>
    <Descriptions>
      <Description description="Upgrade of SAP Procurement Approval and AI Builder flows" languagecode="1033" />
    </Descriptions>
    <Version>1.2.0.7</Version>
    <Managed>0</Managed>
    <Publisher>
      <UniqueName>Barb</UniqueName>
      <LocalizedNames>
        <LocalizedName description="Barb" languagecode="1033" />
      </LocalizedNames>
      <Descriptions />
      <EMailAddress xsi:nil="true"></EMailAddress>
      <SupportingWebsiteUrl xsi:nil="true"></SupportingWebsiteUrl>
      <CustomizationPrefix>bb</CustomizationPrefix>
      <CustomizationOptionValuePrefix>12112</CustomizationOptionValuePrefix>
      <Addresses>
        <Address>
          <AddressNumber>1</AddressNumber>
          <AddressTypeCode>1</AddressTypeCode>
          <City xsi:nil="true"></City>
          <County xsi:nil="true"></County>
          <Country xsi:nil="true"></Country>
          <Fax xsi:nil="true"></Fax>
          <FreightTermsCode xsi:nil="true"></FreightTermsCode>
          <ImportSequenceNumber xsi:nil="true"></ImportSequenceNumber>
          <Latitude xsi:nil="true"></Latitude>
          <Line1 xsi:nil="true"></Line1>
          <Line2 xsi:nil="true"></Line2>
          <Line3 xsi:nil="true"></Line3>
          <Longitude xsi:nil="true"></Longitude>
          <Name xsi:nil="true"></Name>
          <PostalCode xsi:nil="true"></PostalCode>
          <PostOfficeBox xsi:nil="true"></PostOfficeBox>
          <PrimaryContactName xsi:nil="true"></PrimaryContactName>
          <ShippingMethodCode>1</ShippingMethodCode>
          <StateOrProvince xsi:nil="true"></StateOrProvince>
          <Telephone1 xsi:nil="true"></Telephone1>
          <Telephone2 xsi:nil="true"></Telephone2>
          <Telephone3 xsi:nil="true"></Telephone3>
          <TimeZoneRuleVersionNumber xsi:nil="true"></TimeZoneRuleVersionNumber>
          <UPSZone xsi:nil="true"></UPSZone>
          <UTCOffset xsi:nil="true"></UTCOffset>
          <UTCConversionTimeZoneCode xsi:nil="true"></UTCConversionTimeZoneCode>
        </Address>
        <Address>
          <AddressNumber>2</AddressNumber>
          <AddressTypeCode>1</AddressTypeCode>
          <City xsi:nil="true"></City>
          <County xsi:nil="true"></County>
          <Country xsi:nil="true"></Country>
          <Fax xsi:nil="true"></Fax>
          <FreightTermsCode xsi:nil="true"></FreightTermsCode>
          <ImportSequenceNumber xsi:nil="true"></ImportSequenceNumber>
          <Latitude xsi:nil="true"></Latitude>
          <Line1 xsi:nil="true"></Line1>
          <Line2 xsi:nil="true"></Line2>
          <Line3 xsi:nil="true"></Line3>
          <Longitude xsi:nil="true"></Longitude>
          <Name xsi:nil="true"></Name>
          <PostalCode xsi:nil="true"></PostalCode>
          <PostOfficeBox xsi:nil="true"></PostOfficeBox>
          <PrimaryContactName xsi:nil="true"></PrimaryContactName>
          <ShippingMethodCode>1</ShippingMethodCode>
          <StateOrProvince xsi:nil="true"></StateOrProvince>
          <Telephone1 xsi:nil="true"></Telephone1>
          <Telephone2 xsi:nil="true"></Telephone2>
          <Telephone3 xsi:nil="true"></Telephone3>
          <TimeZoneRuleVersionNumber xsi:nil="true"></TimeZoneRuleVersionNumber>
          <UPSZone xsi:nil="true"></UPSZone>
          <UTCOffset xsi:nil="true"></UTCOffset>
          <UTCConversionTimeZoneCode xsi:nil="true"></UTCConversionTimeZoneCode>
        </Address>
      </Addresses>
    </Publisher>
    <RootComponents>
      <RootComponent type="29" id="{216e748f-6556-ee11-be6f-0022482a916a}" behavior="0" />
      <RootComponent type="29" id="{a251c9ae-0a69-ee11-9ae7-0022482804c6}" behavior="0" />
      <RootComponent type="29" id="{cbb1ca3e-b850-ee11-be6f-0022482a9422}" behavior="0" />
      <RootComponent type="401" id="{da8cd5b3-f48d-42a4-8cb0-ed5c46ac391e}" behavior="0" />
    </RootComponents>
    <MissingDependencies>
      <MissingDependency>
        <Required type="1" schemaName="mpa_saperror" displayName="SAP Error" solution="mpa_SAPBase (1.0.0.65)" />
        <Dependent type="29" displayName="CreatePurchaseOrderWithTeamsApproval" id="{a251c9ae-0a69-ee11-9ae7-0022482804c6}" />
      </MissingDependency>
      <MissingDependency>
        <Required type="1" schemaName="mpa_saperror" displayName="SAP Error" solution="mpa_SAPBase (1.0.0.65)" />
        <Dependent type="29" displayName="ApprovePurchaseOrderFromTeams" id="{cbb1ca3e-b850-ee11-be6f-0022482a9422}" />
      </MissingDependency>
      <MissingDependency>
        <Required type="1" schemaName="mpa_sapmenuitem" displayName="SAP Menu Item" solution="mpa_SAPBase (1.0.0.65)" />
        <Dependent type="29" displayName="CreatePurchaseOrderWithTeamsApproval" id="{a251c9ae-0a69-ee11-9ae7-0022482804c6}" />
      </MissingDependency>
      <MissingDependency>
        <Required type="1" schemaName="msdyn_flow_approval" displayName="Approval" solution="msdyn_FlowApprovalsCore (2.0.4.7)">
          <package>msdyn_FlowApprovals (2.0.4.7)</package>
        </Required>
        <Dependent type="29" displayName="ApprovePurchaseOrderFromTeams" id="{cbb1ca3e-b850-ee11-be6f-0022482a9422}" />
      </MissingDependency>
      <MissingDependency>
        <Required type="connectionreference" displayName="mpa_SAPDataverse" solution="mpa_SAPProcurement (1.0.0.125)" id.connectionreferencelogicalname="mpa_SAPDataverse" />
        <Dependent type="connectionreference" displayName="mpa_SAPDataverse" id.connectionreferencelogicalname="mpa_SAPDataverse" />
      </MissingDependency>
      <MissingDependency>
        <Required type="connectionreference" displayName="mpa_SAPERP" solution="mpa_SAPProcurement (1.0.0.125)" id.connectionreferencelogicalname="mpa_SAPERP" />
        <Dependent type="29" displayName="CreateVendorInvoiceFromEmail" id="{216e748f-6556-ee11-be6f-0022482a916a}" />
      </MissingDependency>
      <MissingDependency>
        <Required type="connectionreference" displayName="mpa_SAPERP" solution="mpa_SAPProcurement (1.0.0.125)" id.connectionreferencelogicalname="mpa_SAPERP" />
        <Dependent type="29" displayName="CreatePurchaseOrderWithTeamsApproval" id="{a251c9ae-0a69-ee11-9ae7-0022482804c6}" />
      </MissingDependency>
      <MissingDependency>
        <Required type="EnvironmentVariableDefinition" displayName="mpa_SAPApplicationServer" solution="mpa_SAPBase (1.0.0.65)" id.schemaname="mpa_SAPApplicationServer" />
        <Dependent type="29" displayName="CreateVendorInvoiceFromEmail" id="{216e748f-6556-ee11-be6f-0022482a916a}" />
      </MissingDependency>
      <MissingDependency>
        <Required type="EnvironmentVariableDefinition" displayName="mpa_SAPApplicationServer" solution="mpa_SAPBase (1.0.0.65)" id.schemaname="mpa_SAPApplicationServer" />
        <Dependent type="29" displayName="CreatePurchaseOrderWithTeamsApproval" id="{a251c9ae-0a69-ee11-9ae7-0022482804c6}" />
      </MissingDependency>
      <MissingDependency>
        <Required type="EnvironmentVariableDefinition" displayName="mpa_SAPApplicationServer" solution="mpa_SAPBase (1.0.0.65)" id.schemaname="mpa_SAPApplicationServer" />
        <Dependent type="29" displayName="ApprovePurchaseOrderFromTeams" id="{cbb1ca3e-b850-ee11-be6f-0022482a9422}" />
      </MissingDependency>
    </MissingDependencies>
  </SolutionManifest>
</ImportExportXml>