{
  "properties": {
    "connectionReferences": {
      "shared_saperp": {
        "runtimeSource": "invoker",
        "connection": {
          "connectionReferenceLogicalName": "gilman_sharedsaperp_74c03"
        },
        "api": {
          "name": "shared_saperp"
        }
      }
    },
    "definition": {
      "$schema": "https://schema.management.azure.com/providers/Microsoft.Logic/schemas/2016-06-01/workflowdefinition.json#",
      "contentVersion": "1.0.0.0",
      "parameters": {
        "$connections": {
          "defaultValue": {},
          "type": "Object"
        },
        "$authentication": {
          "defaultValue": {},
          "type": "SecureObject"
        },
        "SAP Application Server (sap_SAPIPAddress)": {
          "defaultValue": "sap.clearsoftware.com",
          "type": "String",
          "metadata": {
            "schemaName": "sap_SAPIPAddress"
          }
        }
      },
      "triggers": {
        "manual": {
          "metadata": {
            "operationMetadataId": "bd783f17-81da-44bf-8ab9-93f73dfef459"
          },
          "type": "Request",
          "kind": "PowerApp",
          "inputs": {
            "schema": {
              "type": "object",
              "properties": {
                "ParseJSON_Content": {
                  "type": "any",
                  "x-ms-powerflows-param-ispartial": false
                }
              },
              "required": [
                "ParseJSON_Content"
              ]
            }
          }
        }
      },
      "actions": {
        "POITEM": {
          "runAfter": {
            "Items": [
              "Succeeded"
            ]
          },
          "metadata": {
            "operationMetadataId": "67b60224-0f7c-4338-b520-808a2181795b"
          },
          "type": "Select",
          "inputs": {
            "from": "@variables('Items')",
            "select": {
              "PO_ITEM": "@formatNumber(int(item()?['Item']), 'D5')",
              "MATERIAL": "@if(isInt(item()?['Material']), formatNumber(int(item()?['Material']), 'D18'), item()?['Material'])",
              "SHORT_TEXT": "@item()?['Description']",
              "QUANTITY": "@item()?['Quantity']",
              "PO_UNIT": "@item()?['Unit']",
              "PLANT": "@item()?['Plant']",
              "INFO_UPD": "X"
            }
          }
        },
        "POITEMX": {
          "runAfter": {
            "POITEM": [
              "Succeeded"
            ]
          },
          "metadata": {
            "operationMetadataId": "7fc5c57e-dd3d-4efb-980a-16a4f735bae0"
          },
          "type": "Select",
          "inputs": {
            "from": "@variables('Items')",
            "select": {
              "PO_ITEM": "@formatNumber(int(item()?['Item']), 'D5')",
              "MATERIAL": "X",
              "SHORT_TEXT": "X",
              "QUANTITY": "X",
              "PO_UNIT": "X",
              "PLANT": "X",
              "INFO_UPD": "X"
            }
          }
        },
        "POCONDX": {
          "runAfter": {
            "POCOND": [
              "Succeeded"
            ]
          },
          "metadata": {
            "operationMetadataId": "fdc39c15-2648-4240-842c-480fd2b1b868"
          },
          "type": "Select",
          "inputs": {
            "from": "@variables('Items')",
            "select": {
              "ITM_NUMBER": "@formatNumber(int(item()?['Item']), 'D6')",
              "COND_TYPE": "X",
              "COND_VALUE": "X",
              "CHANGE_ID": "X"
            }
          }
        },
        "Filter_Messages_for_Errors": {
          "runAfter": {
            "BAPI_PO_CREATE1": [
              "Succeeded"
            ]
          },
          "metadata": {
            "operationMetadataId": "314738ec-9d05-4ae3-b089-64259885fb43"
          },
          "type": "Query",
          "inputs": {
            "from": "@outputs('BAPI_PO_CREATE1')?['body/RETURN']",
            "where": "@equals(item()?['TYPE'], 'E')"
          }
        },
        "Success_Check": {
          "actions": {
            "Success_Response": {
              "runAfter": {},
              "metadata": {
                "operationMetadataId": "88ce5aac-9ebe-41ab-87a6-dea14c80f06e"
              },
              "type": "Response",
              "kind": "Http",
              "inputs": {
                "statusCode": 200,
                "body": {
                  "Status": "Success",
                  "Order": "@int(outputs('BAPI_PO_CREATE1')?['body/EXPPURCHASEORDER'])",
                  "Messages": [
                    {
                      "Message": "Purchase order @{int(outputs('BAPI_PO_CREATE1')?['body/EXPPURCHASEORDER'])} was successfully created."
                    }
                  ]
                },
                "schema": {
                  "type": "object",
                  "properties": {
                    "Status": {
                      "type": "string"
                    },
                    "Order": {
                      "type": "integer"
                    },
                    "Messages": {
                      "type": "array",
                      "items": {
                        "type": "object",
                        "properties": {
                          "Message": {
                            "type": "string"
                          }
                        },
                        "required": [
                          "Message"
                        ]
                      }
                    }
                  }
                }
              }
            }
          },
          "runAfter": {
            "Filter_Messages_for_Errors": [
              "Succeeded"
            ]
          },
          "else": {
            "actions": {
              "Clean_Up_Error_Messages": {
                "runAfter": {},
                "metadata": {
                  "operationMetadataId": "3ac4404f-21c4-4bae-bac7-2525e23d910f"
                },
                "type": "Select",
                "inputs": {
                  "from": "@body('Filter_Messages_for_Errors')",
                  "select": {
                    "Message": "@item()?['MESSAGE']"
                  }
                }
              },
              "Failure_Response": {
                "runAfter": {
                  "Clean_Up_Error_Messages": [
                    "Succeeded"
                  ]
                },
                "metadata": {
                  "operationMetadataId": "0364356b-c5f6-40d1-89d8-d1e42b0df753"
                },
                "type": "Response",
                "kind": "Http",
                "inputs": {
                  "statusCode": 200,
                  "body": {
                    "Status": "Failure",
                    "Order": "",
                    "Messages": "@body('Clean_Up_Error_Messages')"
                  },
                  "schema": {
                    "type": "object",
                    "properties": {
                      "Status": {
                        "type": "string"
                      },
                      "Order": {
                        "type": "integer"
                      },
                      "Messages": {
                        "type": "array",
                        "items": {
                          "type": "object",
                          "properties": {
                            "Message": {
                              "type": "string"
                            }
                          },
                          "required": [
                            "Message"
                          ]
                        }
                      }
                    }
                  }
                }
              }
            }
          },
          "expression": {
            "equals": [
              "@length(outputs('Filter_Messages_for_Errors')?['body'])",
              0
            ]
          },
          "metadata": {
            "operationMetadataId": "e9efd70f-e739-4ab6-ad9b-90b1e544b087"
          },
          "type": "If"
        },
        "Parse_JSON": {
          "runAfter": {},
          "metadata": {
            "operationMetadataId": "12f0f586-4295-4bdd-8329-522cf48feb2c"
          },
          "type": "ParseJson",
          "inputs": {
            "content": "@triggerBody()['ParseJSON_Content']",
            "schema": {
              "type": "object",
              "properties": {
                "Header": {
                  "type": "array",
                  "items": {
                    "type": "object",
                    "properties": {
                      "OrderType": {
                        "type": "string"
                      },
                      "PurchasingOrganization": {
                        "type": "string"
                      },
                      "PurchasingGroup": {
                        "type": "string"
                      },
                      "Vendor": {
                        "type": "string"
                      },
                      "Currency": {
                        "type": "string"
                      },
                      "HeaderText": {
                        "type": "string"
                      }
                    },
                    "required": [
                      "OrderType",
                      "PurchasingOrganization",
                      "PurchasingGroup",
                      "Vendor",
                      "Currency",
                      "HeaderText"
                    ]
                  }
                },
                "Items": {
                  "type": "array",
                  "items": {
                    "type": "object",
                    "properties": {
                      "Plant": {
                        "type": "string"
                      },
                      "Material": {
                        "type": "string"
                      },
                      "Description": {
                        "type": "string"
                      },
                      "Quantity": {
                        "type": "string"
                      },
                      "Item": {
                        "type": "integer"
                      },
                      "UnitPrice": {
                        "type": "string"
                      },
                      "Unit": {
                        "type": "string"
                      }
                    },
                    "required": [
                      "Plant",
                      "Material",
                      "Description",
                      "Quantity",
                      "Item",
                      "UnitPrice",
                      "Unit"
                    ]
                  }
                }
              }
            }
          }
        },
        "Header": {
          "runAfter": {
            "Parse_JSON": [
              "Succeeded"
            ]
          },
          "metadata": {
            "operationMetadataId": "9ff541ac-a4ab-42ac-9bf7-e16613baffb2"
          },
          "type": "InitializeVariable",
          "inputs": {
            "variables": [
              {
                "name": "Header",
                "type": "object",
                "value": "@body('Parse_JSON')?['Header'][0]"
              }
            ]
          }
        },
        "Items": {
          "runAfter": {
            "Header_Text": [
              "Succeeded"
            ]
          },
          "metadata": {
            "operationMetadataId": "ef67d094-fd3b-4c59-9ad2-25d35c9342f7"
          },
          "type": "InitializeVariable",
          "inputs": {
            "variables": [
              {
                "name": "Items",
                "type": "array",
                "value": "@body('Parse_JSON')?['Items']"
              }
            ]
          }
        },
        "Header_Text": {
          "runAfter": {
            "Header": [
              "Succeeded"
            ]
          },
          "metadata": {
            "operationMetadataId": "692fc92a-2f40-4a55-8fa2-e831715eaaaa"
          },
          "type": "InitializeVariable",
          "inputs": {
            "variables": [
              {
                "name": "HeaderText",
                "type": "array",
                "value": "@chunk(variables('Header')?['HeaderText'], 132)"
              }
            ]
          }
        },
        "POTEXTHEADER": {
          "runAfter": {
            "POCONDX": [
              "Succeeded"
            ]
          },
          "metadata": {
            "operationMetadataId": "71ea1095-0422-42a2-87f5-023c73fc119e"
          },
          "type": "Select",
          "inputs": {
            "from": "@variables('HeaderText')",
            "select": {
              "TEXT_ID": "F02",
              "TEXT_FORM": "*",
              "TEXT_LINE": "@item()"
            }
          }
        },
        "POCOND": {
          "runAfter": {
            "POITEMX": [
              "Succeeded"
            ]
          },
          "metadata": {
            "operationMetadataId": "08468f56-72eb-4840-802f-dd43d389f78b"
          },
          "type": "Select",
          "inputs": {
            "from": "@variables('Items')",
            "select": {
              "ITM_NUMBER": "@formatNumber(int(item()?['Item']), 'D6')",
              "COND_TYPE": "PBXX",
              "COND_VALUE": "@div(float(item()?['UnitPrice']), 10)",
              "CHANGE_ID": "U"
            }
          }
        },
        "BAPI_PO_CREATE1": {
          "runAfter": {
            "POTEXTHEADER": [
              "Succeeded"
            ]
          },
          "metadata": {
            "operationMetadataId": "e5445034-b36a-47fd-9d0e-d057757d5649"
          },
          "type": "OpenApiConnection",
          "inputs": {
            "host": {
              "connectionName": "shared_saperp",
              "operationId": "Invoke",
              "apiId": "/providers/Microsoft.PowerApps/apis/shared_saperp"
            },
            "parameters": {
              "AppServerHost": "@parameters('SAP Application Server (sap_SAPIPAddress)')",
              "Client": 100,
              "SystemNumber": "00",
              "function": "BAPI_PO_CREATE1",
              "isSessionStateful": "Yes",
              "UseSnc": false,
              "SncLibraryPath": "Optional",
              "SncSso": "Off",
              "SncMyName": "Optional",
              "SncPartnerName": "Optional",
              "SncQop": "Default",
              "functionInput": {
                "POHEADER": {
                  "VENDOR": "@formatNumber(int(variables('Header')?['Vendor']), 'D10')",
                  "DOC_TYPE": "@variables('Header')?['OrderType']",
                  "PURCH_ORG": "@variables('Header')?['PurchasingOrganization']",
                  "PUR_GROUP": "@variables('Header')?['PurchasingGroup']",
                  "CURRENCY": "@variables('Header')?['Currency']",
                  "ITEM_INTVL": "00001"
                },
                "POHEADERX": {
                  "VENDOR": "X",
                  "DOC_TYPE": "X",
                  "PURCH_ORG": "X",
                  "PUR_GROUP": "X",
                  "CURRENCY": "X",
                  "ITEM_INTVL": "X"
                },
                "POITEM": "@body('POITEM')",
                "POITEMX": "@body('POITEMX')",
                "POCOND": "@body('POCOND')",
                "POCONDX": "@body('POCONDX')",
                "POTEXTHEADER": "@body('POTEXTHEADER')"
              }
            },
            "authentication": {
              "type": "Raw",
              "value": "@json(decodeBase64(triggerOutputs().headers['X-MS-APIM-Tokens']))['$ConnectionKey']"
            }
          }
        }
      }
    },
    "templateName": null
  },
  "schemaVersion": "1.0.0.0"
}