{
  "properties": {
    "connectionReferences": {
      "shared_saperp": {
        "runtimeSource": "invoker",
        "connection": {
          "connectionReferenceLogicalName": "gilman_sharedsaperp_74c03"
        },
        "api": {
          "name": "shared_saperp"
        }
      }
    },
    "definition": {
      "$schema": "https://schema.management.azure.com/providers/Microsoft.Logic/schemas/2016-06-01/workflowdefinition.json#",
      "contentVersion": "1.0.0.0",
      "parameters": {
        "$connections": {
          "defaultValue": {},
          "type": "Object"
        },
        "$authentication": {
          "defaultValue": {},
          "type": "SecureObject"
        },
        "SAP Development (sap_SAPDevelopment)": {
          "defaultValue": "{\"AppServerHost\":\"sap.clearsoftware.com\",\"Client\":\"100\",\"SystemNumber\":\"00\",\"LogonType\":\"ApplicationServer\"}",
          "type": "String",
          "metadata": {
            "schemaName": "sap_SAPDevelopment"
          }
        }
      },
      "triggers": {
        "manual": {
          "metadata": {
            "operationMetadataId": "f0441f83-ce7b-4069-83ee-6e0a3e65112f"
          },
          "type": "Request",
          "kind": "PowerApp",
          "inputs": {
            "schema": {
              "type": "object",
              "properties": {
                "ParseJSON_Content": {
                  "type": "any",
                  "x-ms-powerflows-param-ispartial": false
                }
              },
              "required": [
                "ParseJSON_Content"
              ]
            }
          }
        }
      },
      "actions": {
        "Response": {
          "runAfter": {
            "Parse_List": [
              "Succeeded"
            ]
          },
          "metadata": {
            "operationMetadataId": "3acb6b71-7516-4f46-82a7-fe87c0f4120b"
          },
          "type": "Response",
          "kind": "Http",
          "inputs": {
            "statusCode": 200,
            "body": {
              "List": "@body('Parse_List')",
              "Messages": [
                {
                  "Message": "@{length(body('Parse_List'))} vendor(s) found based on your search criteria."
                }
              ]
            },
            "schema": {
              "type": "object",
              "properties": {
                "List": {
                  "type": "array",
                  "items": {
                    "type": "object",
                    "properties": {
                      "Vendor": {
                        "type": "string"
                      },
                      "Country": {
                        "type": "string"
                      },
                      "Name": {
                        "type": "string"
                      },
                      "City": {
                        "type": "string"
                      },
                      "PostalCode": {
                        "type": "string"
                      },
                      "Street": {
                        "type": "string"
                      },
                      "Region": {
                        "type": "string"
                      }
                    },
                    "required": [
                      "Customer",
                      "Country",
                      "Name",
                      "City",
                      "PostalCode",
                      "Street",
                      "Region"
                    ]
                  }
                },
                "Messages": {
                  "type": "array",
                  "items": {
                    "type": "object",
                    "properties": {
                      "Message": {
                        "type": "string"
                      }
                    },
                    "required": [
                      "Message"
                    ]
                  }
                }
              }
            }
          }
        },
        "Parse_List": {
          "runAfter": {
            "LFA1": [
              "Succeeded"
            ]
          },
          "metadata": {
            "operationMetadataId": "6003c2e5-4622-4651-a22c-4f9c695bbac0"
          },
          "type": "Select",
          "inputs": {
            "from": "@outputs('LFA1')?['body/Rows']",
            "select": {
              "Vendor": "@if(isInt(item()?['LIFNR']), string(int(item()?['LIFNR'])), item()?['LIFNR'])",
              "Country": "@item()?['LAND1']",
              "Name": "@item()?['NAME1']",
              "City": "@item()?['ORT01']",
              "PostalCode": "@item()?['PSTLZ']",
              "Street": "@item()?['STRAS']",
              "Region": "@item()?['REGIO']"
            }
          }
        },
        "Parse_JSON": {
          "runAfter": {},
          "metadata": {
            "operationMetadataId": "12f0f586-4295-4bdd-8329-522cf48feb2c"
          },
          "type": "ParseJson",
          "inputs": {
            "content": "@triggerBody()['ParseJSON_Content']",
            "schema": {
              "type": "object",
              "properties": {
                "Name": {
                  "type": "string"
                },
                "Street": {
                  "type": "string"
                },
                "City": {
                  "type": "string"
                },
                "Region": {
                  "type": "string"
                },
                "PostalCode": {
                  "type": "string"
                },
                "Country": {
                  "type": "string"
                }
              }
            }
          }
        },
        "LFA1": {
          "runAfter": {
            "Parse_JSON": [
              "Succeeded"
            ]
          },
          "metadata": {
            "operationMetadataId": "957b1a89-91e3-4638-8e87-ba9e973a2394"
          },
          "type": "OpenApiConnection",
          "inputs": {
            "host": {
              "connectionName": "shared_saperp",
              "operationId": "ReadTableVersion3",
              "apiId": "/providers/Microsoft.PowerApps/apis/shared_saperp"
            },
            "parameters": {
              "x-ms-sap-system": "@parameters('SAP Development (sap_SAPDevelopment)')",
              "inputParameters/tableName": "LFA1",
              "inputParameters/FieldNames": [
                "LIFNR:Account Number of Vendor or Creditor",
                "LAND1",
                "NAME1:Name 1",
                "ORT01:City",
                "PSTLZ:Postal Code",
                "STRAS:House number and street",
                "REGIO:Region (State, Province, County)"
              ],
              "inputParameters/WhereFilters": [
                "MANDT = '100'",
                "AND NAME1 LIKE '%@{body('Parse_JSON')?['Name']}%'",
                "AND STRAS LIKE '%@{body('Parse_JSON')?['Street']}%'",
                "AND ORT01 LIKE '%@{body('Parse_JSON')?['City']}%'",
                "AND REGIO LIKE '%@{body('Parse_JSON')?['Region']}%'",
                "AND PSTLZ LIKE '%@{body('Parse_JSON')?['PostalCode']}%'",
                "AND LAND1 LIKE '%@{body('Parse_JSON')?['Country']}%'"
              ]
            },
            "authentication": {
              "type": "Raw",
              "value": "@json(decodeBase64(triggerOutputs().headers['X-MS-APIM-Tokens']))['$ConnectionKey']"
            }
          }
        }
      }
    },
    "templateName": ""
  },
  "schemaVersion": "1.0.0.0"
}