
<entities xmlns:xsd="http://www.w3.org/2001/XMLSchema" xmlns:xsi="http://www.w3.org/2001/XMLSchema-instance" timestamp="2022-09-27T15:26:27.1525100Z">
  <entity name="gilman_dropdowns" displayname="DropDownValues">
    <records>
      <record id="79caef26-e5e8-ec11-bb3c-000d3a30a6c8">
        <field name="createdby" value="0cdfa0ee-efaa-ec11-983f-000d3a59e400" lookupentity="systemuser" lookupentityname="Jon Gilman" />
        <field name="createdon" value="2022-06-10T17:45:45.0000000Z" />
        <field name="gilman_text" value="Consulting Order" />
        <field name="gilman_dropdownsid" value="79caef26-e5e8-ec11-bb3c-000d3a30a6c8" />
        <field name="gilman_id" value="3" />
        <field name="gilman_language" value="EN" />
        <field name="modifiedby" value="0cdfa0ee-efaa-ec11-983f-000d3a59e400" lookupentity="systemuser" lookupentityname="Jon Gilman" />
        <field name="modifiedon" value="2022-06-10T17:47:27.0000000Z" />
        <field name="gilman_name" value="SalesOrderType" />
        <field name="ownerid" value="0cdfa0ee-efaa-ec11-983f-000d3a59e400" lookupentity="systemuser" lookupentityname="Jon Gilman" />
        <field name="owningbusinessunit" value="b52a5002-34a7-ec11-9840-000d3a5c98cc" lookupentity="businessunit" lookupentityname="orgb4a78883" />
        <field name="owninguser" value="0cdfa0ee-efaa-ec11-983f-000d3a59e400" lookupentity="systemuser" />
        <field name="statecode" value="0" />
        <field name="statuscode" value="1" />
        <field name="gilman_val" value="CONS" />
      </record>
      <record id="2d5cf804-e6e8-ec11-bb3c-000d3a30a6c8">
        <field name="createdby" value="0cdfa0ee-efaa-ec11-983f-000d3a59e400" lookupentity="systemuser" lookupentityname="Jon Gilman" />
        <field name="createdon" value="2022-06-10T17:51:57.0000000Z" />
        <field name="gilman_text" value="Each" />
        <field name="gilman_dropdownsid" value="2d5cf804-e6e8-ec11-bb3c-000d3a30a6c8" />
        <field name="gilman_id" value="5" />
        <field name="gilman_language" value="EN" />
        <field name="modifiedby" value="0cdfa0ee-efaa-ec11-983f-000d3a59e400" lookupentity="systemuser" lookupentityname="Jon Gilman" />
        <field name="modifiedon" value="2022-06-10T17:52:17.0000000Z" />
        <field name="gilman_name" value="Unit" />
        <field name="ownerid" value="0cdfa0ee-efaa-ec11-983f-000d3a59e400" lookupentity="systemuser" lookupentityname="Jon Gilman" />
        <field name="owningbusinessunit" value="b52a5002-34a7-ec11-9840-000d3a5c98cc" lookupentity="businessunit" lookupentityname="orgb4a78883" />
        <field name="owninguser" value="0cdfa0ee-efaa-ec11-983f-000d3a59e400" lookupentity="systemuser" />
        <field name="statecode" value="0" />
        <field name="statuscode" value="1" />
        <field name="gilman_val" value="EA" />
      </record>
      <record id="3ddc056b-e6e8-ec11-bb3c-000d3a30a6c8">
        <field name="createdby" value="0cdfa0ee-efaa-ec11-983f-000d3a59e400" lookupentity="systemuser" lookupentityname="Jon Gilman" />
        <field name="createdon" value="2022-06-10T17:54:48.0000000Z" />
        <field name="gilman_text" value="Software Company" />
        <field name="gilman_dropdownsid" value="3ddc056b-e6e8-ec11-bb3c-000d3a30a6c8" />
        <field name="gilman_id" value="8" />
        <field name="gilman_language" value="EN" />
        <field name="modifiedby" value="0cdfa0ee-efaa-ec11-983f-000d3a59e400" lookupentity="systemuser" lookupentityname="Jon Gilman" />
        <field name="modifiedon" value="2022-06-10T17:54:48.0000000Z" />
        <field name="gilman_name" value="Plant" />
        <field name="ownerid" value="0cdfa0ee-efaa-ec11-983f-000d3a59e400" lookupentity="systemuser" lookupentityname="Jon Gilman" />
        <field name="owningbusinessunit" value="b52a5002-34a7-ec11-9840-000d3a5c98cc" lookupentity="businessunit" lookupentityname="orgb4a78883" />
        <field name="owninguser" value="0cdfa0ee-efaa-ec11-983f-000d3a59e400" lookupentity="systemuser" />
        <field name="statecode" value="0" />
        <field name="statuscode" value="1" />
        <field name="gilman_val" value="SOFT" />
      </record>
      <record id="bb505802-e5e8-ec11-bb3c-000d3a30a881">
        <field name="createdby" value="0cdfa0ee-efaa-ec11-983f-000d3a59e400" lookupentity="systemuser" lookupentityname="Jon Gilman" />
        <field name="createdon" value="2022-06-10T17:44:46.0000000Z" />
        <field name="gilman_text" value="Software Order" />
        <field name="gilman_dropdownsid" value="bb505802-e5e8-ec11-bb3c-000d3a30a881" />
        <field name="gilman_id" value="1" />
        <field name="gilman_language" value="EN" />
        <field name="modifiedby" value="0cdfa0ee-efaa-ec11-983f-000d3a59e400" lookupentity="systemuser" lookupentityname="Jon Gilman" />
        <field name="modifiedon" value="2022-06-10T17:44:46.0000000Z" />
        <field name="gilman_name" value="SalesOrderType" />
        <field name="ownerid" value="0cdfa0ee-efaa-ec11-983f-000d3a59e400" lookupentity="systemuser" lookupentityname="Jon Gilman" />
        <field name="owningbusinessunit" value="b52a5002-34a7-ec11-9840-000d3a5c98cc" lookupentity="businessunit" lookupentityname="orgb4a78883" />
        <field name="owninguser" value="0cdfa0ee-efaa-ec11-983f-000d3a59e400" lookupentity="systemuser" />
        <field name="statecode" value="0" />
        <field name="statuscode" value="1" />
        <field name="gilman_val" value="SOFT" />
      </record>
      <record id="e2564621-e5e8-ec11-bb3c-000d3a30a881">
        <field name="createdby" value="0cdfa0ee-efaa-ec11-983f-000d3a59e400" lookupentity="systemuser" lookupentityname="Jon Gilman" />
        <field name="createdon" value="2022-06-10T17:45:40.0000000Z" />
        <field name="gilman_text" value="Hosting Order" />
        <field name="gilman_dropdownsid" value="e2564621-e5e8-ec11-bb3c-000d3a30a881" />
        <field name="gilman_id" value="2" />
        <field name="gilman_language" value="EN" />
        <field name="modifiedby" value="0cdfa0ee-efaa-ec11-983f-000d3a59e400" lookupentity="systemuser" lookupentityname="Jon Gilman" />
        <field name="modifiedon" value="2022-06-10T17:45:40.0000000Z" />
        <field name="gilman_name" value="SalesOrderType" />
        <field name="ownerid" value="0cdfa0ee-efaa-ec11-983f-000d3a59e400" lookupentity="systemuser" lookupentityname="Jon Gilman" />
        <field name="owningbusinessunit" value="b52a5002-34a7-ec11-9840-000d3a5c98cc" lookupentity="businessunit" lookupentityname="orgb4a78883" />
        <field name="owninguser" value="0cdfa0ee-efaa-ec11-983f-000d3a59e400" lookupentity="systemuser" />
        <field name="statecode" value="0" />
        <field name="statuscode" value="1" />
        <field name="gilman_val" value="HOST" />
      </record>
      <record id="f261556c-e5e8-ec11-bb3c-000d3a30a881">
        <field name="createdby" value="0cdfa0ee-efaa-ec11-983f-000d3a59e400" lookupentity="systemuser" lookupentityname="Jon Gilman" />
        <field name="createdon" value="2022-06-10T17:47:51.0000000Z" />
        <field name="gilman_text" value="Global Sales" />
        <field name="gilman_dropdownsid" value="f261556c-e5e8-ec11-bb3c-000d3a30a881" />
        <field name="gilman_id" value="4" />
        <field name="gilman_language" value="EN" />
        <field name="modifiedby" value="0cdfa0ee-efaa-ec11-983f-000d3a59e400" lookupentity="systemuser" lookupentityname="Jon Gilman" />
        <field name="modifiedon" value="2022-06-10T17:47:51.0000000Z" />
        <field name="gilman_name" value="SalesOrganization" />
        <field name="ownerid" value="0cdfa0ee-efaa-ec11-983f-000d3a59e400" lookupentity="systemuser" lookupentityname="Jon Gilman" />
        <field name="owningbusinessunit" value="b52a5002-34a7-ec11-9840-000d3a5c98cc" lookupentity="businessunit" lookupentityname="orgb4a78883" />
        <field name="owninguser" value="0cdfa0ee-efaa-ec11-983f-000d3a59e400" lookupentity="systemuser" />
        <field name="statecode" value="0" />
        <field name="statuscode" value="1" />
        <field name="gilman_val" value="GLOB" />
      </record>
      <record id="b02dd119-e6e8-ec11-bb3c-000d3a30a881">
        <field name="createdby" value="0cdfa0ee-efaa-ec11-983f-000d3a59e400" lookupentity="systemuser" lookupentityname="Jon Gilman" />
        <field name="createdon" value="2022-06-10T17:52:39.0000000Z" />
        <field name="gilman_text" value="Pound" />
        <field name="gilman_dropdownsid" value="b02dd119-e6e8-ec11-bb3c-000d3a30a881" />
        <field name="gilman_id" value="6" />
        <field name="gilman_language" value="EN" />
        <field name="modifiedby" value="0cdfa0ee-efaa-ec11-983f-000d3a59e400" lookupentity="systemuser" lookupentityname="Jon Gilman" />
        <field name="modifiedon" value="2022-06-10T17:52:39.0000000Z" />
        <field name="gilman_name" value="Unit" />
        <field name="ownerid" value="0cdfa0ee-efaa-ec11-983f-000d3a59e400" lookupentity="systemuser" lookupentityname="Jon Gilman" />
        <field name="owningbusinessunit" value="b52a5002-34a7-ec11-9840-000d3a5c98cc" lookupentity="businessunit" lookupentityname="orgb4a78883" />
        <field name="owninguser" value="0cdfa0ee-efaa-ec11-983f-000d3a59e400" lookupentity="systemuser" />
        <field name="statecode" value="0" />
        <field name="statuscode" value="1" />
        <field name="gilman_val" value="LB" />
      </record>
      <record id="742ac425-e6e8-ec11-bb3c-000d3a30a881">
        <field name="createdby" value="0cdfa0ee-efaa-ec11-983f-000d3a59e400" lookupentity="systemuser" lookupentityname="Jon Gilman" />
        <field name="createdon" value="2022-06-10T17:53:01.0000000Z" />
        <field name="gilman_text" value="Kilogram" />
        <field name="gilman_dropdownsid" value="742ac425-e6e8-ec11-bb3c-000d3a30a881" />
        <field name="gilman_id" value="7" />
        <field name="gilman_language" value="EN" />
        <field name="modifiedby" value="0cdfa0ee-efaa-ec11-983f-000d3a59e400" lookupentity="systemuser" lookupentityname="Jon Gilman" />
        <field name="modifiedon" value="2022-06-10T17:53:01.0000000Z" />
        <field name="gilman_name" value="Unit" />
        <field name="ownerid" value="0cdfa0ee-efaa-ec11-983f-000d3a59e400" lookupentity="systemuser" lookupentityname="Jon Gilman" />
        <field name="owningbusinessunit" value="b52a5002-34a7-ec11-9840-000d3a5c98cc" lookupentity="businessunit" lookupentityname="orgb4a78883" />
        <field name="owninguser" value="0cdfa0ee-efaa-ec11-983f-000d3a59e400" lookupentity="systemuser" />
        <field name="statecode" value="0" />
        <field name="statuscode" value="1" />
        <field name="gilman_val" value="KG" />
      </record>
      <record id="e208f56d-e6e8-ec11-bb3c-000d3a30a881">
        <field name="createdby" value="0cdfa0ee-efaa-ec11-983f-000d3a59e400" lookupentity="systemuser" lookupentityname="Jon Gilman" />
        <field name="createdon" value="2022-06-10T17:55:03.0000000Z" />
        <field name="gilman_text" value="Chemical Company" />
        <field name="gilman_dropdownsid" value="e208f56d-e6e8-ec11-bb3c-000d3a30a881" />
        <field name="gilman_id" value="9" />
        <field name="gilman_language" value="EN" />
        <field name="modifiedby" value="0cdfa0ee-efaa-ec11-983f-000d3a59e400" lookupentity="systemuser" lookupentityname="Jon Gilman" />
        <field name="modifiedon" value="2022-06-10T17:55:03.0000000Z" />
        <field name="gilman_name" value="Plant" />
        <field name="ownerid" value="0cdfa0ee-efaa-ec11-983f-000d3a59e400" lookupentity="systemuser" lookupentityname="Jon Gilman" />
        <field name="owningbusinessunit" value="b52a5002-34a7-ec11-9840-000d3a5c98cc" lookupentity="businessunit" lookupentityname="orgb4a78883" />
        <field name="owninguser" value="0cdfa0ee-efaa-ec11-983f-000d3a59e400" lookupentity="systemuser" />
        <field name="statecode" value="0" />
        <field name="statuscode" value="1" />
        <field name="gilman_val" value="CHEM" />
      </record>
      <record id="eb8aca8f-e6e8-ec11-bb3c-000d3a30a881">
        <field name="createdby" value="0cdfa0ee-efaa-ec11-983f-000d3a59e400" lookupentity="systemuser" lookupentityname="Jon Gilman" />
        <field name="createdon" value="2022-06-10T17:55:56.0000000Z" />
        <field name="gilman_text" value="Automobile Company" />
        <field name="gilman_dropdownsid" value="eb8aca8f-e6e8-ec11-bb3c-000d3a30a881" />
        <field name="gilman_id" value="10" />
        <field name="gilman_language" value="EN" />
        <field name="modifiedby" value="0cdfa0ee-efaa-ec11-983f-000d3a59e400" lookupentity="systemuser" lookupentityname="Jon Gilman" />
        <field name="modifiedon" value="2022-06-10T17:55:56.0000000Z" />
        <field name="gilman_name" value="Plant" />
        <field name="ownerid" value="0cdfa0ee-efaa-ec11-983f-000d3a59e400" lookupentity="systemuser" lookupentityname="Jon Gilman" />
        <field name="owningbusinessunit" value="b52a5002-34a7-ec11-9840-000d3a5c98cc" lookupentity="businessunit" lookupentityname="orgb4a78883" />
        <field name="owninguser" value="0cdfa0ee-efaa-ec11-983f-000d3a59e400" lookupentity="systemuser" />
        <field name="statecode" value="0" />
        <field name="statuscode" value="1" />
        <field name="gilman_val" value="AUTO" />
      </record>
      <record id="bcd91287-9fed-ec11-bb3d-000d3a351947">
        <field name="createdby" value="0cdfa0ee-efaa-ec11-983f-000d3a59e400" lookupentity="systemuser" lookupentityname="Jon Gilman" />
        <field name="createdon" value="2022-06-16T18:10:07.0000000Z" />
        <field name="gilman_text" value="Canada" />
        <field name="gilman_dropdownsid" value="bcd91287-9fed-ec11-bb3d-000d3a351947" />
        <field name="gilman_id" value="12" />
        <field name="gilman_language" value="EN" />
        <field name="modifiedby" value="0cdfa0ee-efaa-ec11-983f-000d3a59e400" lookupentity="systemuser" lookupentityname="Jon Gilman" />
        <field name="modifiedon" value="2022-06-16T18:10:07.0000000Z" />
        <field name="gilman_name" value="Country" />
        <field name="ownerid" value="0cdfa0ee-efaa-ec11-983f-000d3a59e400" lookupentity="systemuser" lookupentityname="Jon Gilman" />
        <field name="owningbusinessunit" value="b52a5002-34a7-ec11-9840-000d3a5c98cc" lookupentity="businessunit" lookupentityname="orgb4a78883" />
        <field name="owninguser" value="0cdfa0ee-efaa-ec11-983f-000d3a59e400" lookupentity="systemuser" />
        <field name="statecode" value="0" />
        <field name="statuscode" value="1" />
        <field name="gilman_val" value="CA" />
      </record>
      <record id="25f51eb7-9fed-ec11-bb3d-000d3a351947">
        <field name="createdby" value="0cdfa0ee-efaa-ec11-983f-000d3a59e400" lookupentity="systemuser" lookupentityname="Jon Gilman" />
        <field name="createdon" value="2022-06-16T18:11:26.0000000Z" />
        <field name="gilman_text" value="Indiana" />
        <field name="gilman_dropdownsid" value="25f51eb7-9fed-ec11-bb3d-000d3a351947" />
        <field name="gilman_id" value="13" />
        <field name="gilman_language" value="EN" />
        <field name="modifiedby" value="0cdfa0ee-efaa-ec11-983f-000d3a59e400" lookupentity="systemuser" lookupentityname="Jon Gilman" />
        <field name="modifiedon" value="2022-06-16T18:11:46.0000000Z" />
        <field name="gilman_name" value="State" />
        <field name="ownerid" value="0cdfa0ee-efaa-ec11-983f-000d3a59e400" lookupentity="systemuser" lookupentityname="Jon Gilman" />
        <field name="owningbusinessunit" value="b52a5002-34a7-ec11-9840-000d3a5c98cc" lookupentity="businessunit" lookupentityname="orgb4a78883" />
        <field name="owninguser" value="0cdfa0ee-efaa-ec11-983f-000d3a59e400" lookupentity="systemuser" />
        <field name="gilman_parentvalue" value="US" />
        <field name="statecode" value="0" />
        <field name="statuscode" value="1" />
        <field name="gilman_val" value="IN" />
      </record>
      <record id="2127c77c-9fed-ec11-bb3d-000d3a351b1d">
        <field name="createdby" value="0cdfa0ee-efaa-ec11-983f-000d3a59e400" lookupentity="systemuser" lookupentityname="Jon Gilman" />
        <field name="createdon" value="2022-06-16T18:09:47.0000000Z" />
        <field name="gilman_text" value="United States" />
        <field name="gilman_dropdownsid" value="2127c77c-9fed-ec11-bb3d-000d3a351b1d" />
        <field name="gilman_id" value="11" />
        <field name="gilman_language" value="EN" />
        <field name="modifiedby" value="0cdfa0ee-efaa-ec11-983f-000d3a59e400" lookupentity="systemuser" lookupentityname="Jon Gilman" />
        <field name="modifiedon" value="2022-06-16T18:09:47.0000000Z" />
        <field name="gilman_name" value="Country" />
        <field name="ownerid" value="0cdfa0ee-efaa-ec11-983f-000d3a59e400" lookupentity="systemuser" lookupentityname="Jon Gilman" />
        <field name="owningbusinessunit" value="b52a5002-34a7-ec11-9840-000d3a5c98cc" lookupentity="businessunit" lookupentityname="orgb4a78883" />
        <field name="owninguser" value="0cdfa0ee-efaa-ec11-983f-000d3a59e400" lookupentity="systemuser" />
        <field name="statecode" value="0" />
        <field name="statuscode" value="1" />
        <field name="gilman_val" value="US" />
      </record>
      <record id="c149a3be-9fed-ec11-bb3d-000d3a351b1d">
        <field name="createdby" value="0cdfa0ee-efaa-ec11-983f-000d3a59e400" lookupentity="systemuser" lookupentityname="Jon Gilman" />
        <field name="createdon" value="2022-06-16T18:11:35.0000000Z" />
        <field name="gilman_text" value="Illinois" />
        <field name="gilman_dropdownsid" value="c149a3be-9fed-ec11-bb3d-000d3a351b1d" />
        <field name="gilman_id" value="14" />
        <field name="gilman_language" value="EN" />
        <field name="modifiedby" value="0cdfa0ee-efaa-ec11-983f-000d3a59e400" lookupentity="systemuser" lookupentityname="Jon Gilman" />
        <field name="modifiedon" value="2022-06-16T18:11:51.0000000Z" />
        <field name="gilman_name" value="State" />
        <field name="ownerid" value="0cdfa0ee-efaa-ec11-983f-000d3a59e400" lookupentity="systemuser" lookupentityname="Jon Gilman" />
        <field name="owningbusinessunit" value="b52a5002-34a7-ec11-9840-000d3a5c98cc" lookupentity="businessunit" lookupentityname="orgb4a78883" />
        <field name="owninguser" value="0cdfa0ee-efaa-ec11-983f-000d3a59e400" lookupentity="systemuser" />
        <field name="gilman_parentvalue" value="US" />
        <field name="statecode" value="0" />
        <field name="statuscode" value="1" />
        <field name="gilman_val" value="IL" />
      </record>
      <record id="5047c901-321f-ed11-b83e-000d3a5acccf">
        <field name="createdby" value="0cdfa0ee-efaa-ec11-983f-000d3a59e400" lookupentity="systemuser" lookupentityname="Jon Gilman" />
        <field name="createdon" value="2022-08-18T20:11:56.0000000Z" />
        <field name="gilman_text" value="Health Insurance" />
        <field name="gilman_dropdownsid" value="5047c901-321f-ed11-b83e-000d3a5acccf" />
        <field name="gilman_id" value="18" />
        <field name="gilman_language" value="EN" />
        <field name="modifiedby" value="0cdfa0ee-efaa-ec11-983f-000d3a59e400" lookupentity="systemuser" lookupentityname="Jon Gilman" />
        <field name="modifiedon" value="2022-08-18T20:12:15.0000000Z" />
        <field name="gilman_name" value="PurchasingOrganization" />
        <field name="ownerid" value="0cdfa0ee-efaa-ec11-983f-000d3a59e400" lookupentity="systemuser" lookupentityname="Jon Gilman" />
        <field name="owningbusinessunit" value="b52a5002-34a7-ec11-9840-000d3a5c98cc" lookupentity="businessunit" lookupentityname="orgb4a78883" />
        <field name="owninguser" value="0cdfa0ee-efaa-ec11-983f-000d3a59e400" lookupentity="systemuser" />
        <field name="statecode" value="0" />
        <field name="statuscode" value="1" />
        <field name="gilman_val" value="HLTH" />
      </record>
      <record id="40221673-341f-ed11-b83e-000d3a5acccf">
        <field name="createdby" value="0cdfa0ee-efaa-ec11-983f-000d3a59e400" lookupentity="systemuser" lookupentityname="Jon Gilman" />
        <field name="createdon" value="2022-08-18T20:29:25.0000000Z" />
        <field name="gilman_text" value="Health Insurance" />
        <field name="gilman_dropdownsid" value="40221673-341f-ed11-b83e-000d3a5acccf" />
        <field name="gilman_id" value="19" />
        <field name="gilman_language" value="EN" />
        <field name="modifiedby" value="0cdfa0ee-efaa-ec11-983f-000d3a59e400" lookupentity="systemuser" lookupentityname="Jon Gilman" />
        <field name="modifiedon" value="2022-08-18T20:29:41.0000000Z" />
        <field name="gilman_name" value="PurchasingGroup" />
        <field name="ownerid" value="0cdfa0ee-efaa-ec11-983f-000d3a59e400" lookupentity="systemuser" lookupentityname="Jon Gilman" />
        <field name="owningbusinessunit" value="b52a5002-34a7-ec11-9840-000d3a5c98cc" lookupentity="businessunit" lookupentityname="orgb4a78883" />
        <field name="owninguser" value="0cdfa0ee-efaa-ec11-983f-000d3a59e400" lookupentity="systemuser" />
        <field name="gilman_parentvalue" value="HLTH" />
        <field name="statecode" value="0" />
        <field name="statuscode" value="1" />
        <field name="gilman_val" value="HLT" />
      </record>
      <record id="2361f0f1-311f-ed11-b83e-000d3a5ace53">
        <field name="createdby" value="0cdfa0ee-efaa-ec11-983f-000d3a59e400" lookupentity="systemuser" lookupentityname="Jon Gilman" />
        <field name="createdon" value="2022-08-18T20:11:30.0000000Z" />
        <field name="gilman_text" value="Standard Document" />
        <field name="gilman_dropdownsid" value="2361f0f1-311f-ed11-b83e-000d3a5ace53" />
        <field name="gilman_id" value="17" />
        <field name="gilman_language" value="EN" />
        <field name="modifiedby" value="0cdfa0ee-efaa-ec11-983f-000d3a59e400" lookupentity="systemuser" lookupentityname="Jon Gilman" />
        <field name="modifiedon" value="2022-08-18T20:11:45.0000000Z" />
        <field name="gilman_name" value="PurchaseOrderType" />
        <field name="ownerid" value="0cdfa0ee-efaa-ec11-983f-000d3a59e400" lookupentity="systemuser" lookupentityname="Jon Gilman" />
        <field name="owningbusinessunit" value="b52a5002-34a7-ec11-9840-000d3a5c98cc" lookupentity="businessunit" lookupentityname="orgb4a78883" />
        <field name="owninguser" value="0cdfa0ee-efaa-ec11-983f-000d3a59e400" lookupentity="systemuser" />
        <field name="statecode" value="0" />
        <field name="statuscode" value="1" />
        <field name="gilman_val" value="NB" />
      </record>
      <record id="167a0537-381f-ed11-b83e-000d3a5ace53">
        <field name="createdby" value="0cdfa0ee-efaa-ec11-983f-000d3a59e400" lookupentity="systemuser" lookupentityname="Jon Gilman" />
        <field name="createdon" value="2022-08-18T20:56:23.0000000Z" />
        <field name="gilman_text" value="Plant 0001" />
        <field name="gilman_dropdownsid" value="167a0537-381f-ed11-b83e-000d3a5ace53" />
        <field name="gilman_id" value="20" />
        <field name="gilman_language" value="EN" />
        <field name="modifiedby" value="0cdfa0ee-efaa-ec11-983f-000d3a59e400" lookupentity="systemuser" lookupentityname="Jon Gilman" />
        <field name="modifiedon" value="2022-08-18T20:56:41.0000000Z" />
        <field name="gilman_name" value="Plant" />
        <field name="ownerid" value="0cdfa0ee-efaa-ec11-983f-000d3a59e400" lookupentity="systemuser" lookupentityname="Jon Gilman" />
        <field name="owningbusinessunit" value="b52a5002-34a7-ec11-9840-000d3a5c98cc" lookupentity="businessunit" lookupentityname="orgb4a78883" />
        <field name="owninguser" value="0cdfa0ee-efaa-ec11-983f-000d3a59e400" lookupentity="systemuser" />
        <field name="statecode" value="0" />
        <field name="statuscode" value="1" />
        <field name="gilman_val" value="0001" />
      </record>
      <record id="5610ae47-5af6-ec11-bb3d-6045bd00d748">
        <field name="createdby" value="0cdfa0ee-efaa-ec11-983f-000d3a59e400" lookupentity="systemuser" lookupentityname="Jon Gilman" />
        <field name="createdon" value="2022-06-27T20:47:02.0000000Z" />
        <field name="gilman_text" value="Finished Product" />
        <field name="gilman_dropdownsid" value="5610ae47-5af6-ec11-bb3d-6045bd00d748" />
        <field name="gilman_id" value="16" />
        <field name="gilman_language" value="EN" />
        <field name="modifiedby" value="0cdfa0ee-efaa-ec11-983f-000d3a59e400" lookupentity="systemuser" lookupentityname="Jon Gilman" />
        <field name="modifiedon" value="2022-06-27T20:47:17.0000000Z" />
        <field name="gilman_name" value="MaterialType" />
        <field name="ownerid" value="0cdfa0ee-efaa-ec11-983f-000d3a59e400" lookupentity="systemuser" lookupentityname="Jon Gilman" />
        <field name="owningbusinessunit" value="b52a5002-34a7-ec11-9840-000d3a5c98cc" lookupentity="businessunit" lookupentityname="orgb4a78883" />
        <field name="owninguser" value="0cdfa0ee-efaa-ec11-983f-000d3a59e400" lookupentity="systemuser" />
        <field name="statecode" value="0" />
        <field name="statuscode" value="1" />
        <field name="gilman_val" value="FERT" />
      </record>
    </records>
    <m2mrelationships />
  </entity>
  <entity name="gilman_menugroup" displayname="MenuGroup">
    <records>
      <record id="05edccb5-0c18-ed11-b83e-000d3a315c79">
        <field name="createdby" value="0cdfa0ee-efaa-ec11-983f-000d3a59e400" lookupentity="systemuser" lookupentityname="Jon Gilman" />
        <field name="createdon" value="2022-08-09T17:57:27.0000000Z" />
        <field name="sap_icon" value="builtinicon:Money" />
        <field name="gilman_menugroupid" value="05edccb5-0c18-ed11-b83e-000d3a315c79" />
        <field name="modifiedby" value="0cdfa0ee-efaa-ec11-983f-000d3a59e400" lookupentity="systemuser" lookupentityname="Jon Gilman" />
        <field name="modifiedon" value="2022-09-12T15:22:10.0000000Z" />
        <field name="gilman_name" value="Finance" />
        <field name="gilman_order" value="3" />
        <field name="ownerid" value="0cdfa0ee-efaa-ec11-983f-000d3a59e400" lookupentity="systemuser" lookupentityname="Jon Gilman" />
        <field name="owningbusinessunit" value="b52a5002-34a7-ec11-9840-000d3a5c98cc" lookupentity="businessunit" lookupentityname="orgb4a78883" />
        <field name="owninguser" value="0cdfa0ee-efaa-ec11-983f-000d3a59e400" lookupentity="systemuser" />
        <field name="gilman_showmenu" value="false" />
        <field name="statecode" value="0" />
        <field name="statuscode" value="1" />
      </record>
      <record id="7a3d29af-0c18-ed11-b83e-000d3a315dfe">
        <field name="createdby" value="0cdfa0ee-efaa-ec11-983f-000d3a59e400" lookupentity="systemuser" lookupentityname="Jon Gilman" />
        <field name="createdon" value="2022-08-09T17:57:16.0000000Z" />
        <field name="sap_icon" value="builtinicon:People" />
        <field name="gilman_menugroupid" value="7a3d29af-0c18-ed11-b83e-000d3a315dfe" />
        <field name="modifiedby" value="0cdfa0ee-efaa-ec11-983f-000d3a59e400" lookupentity="systemuser" lookupentityname="Jon Gilman" />
        <field name="modifiedon" value="2022-09-12T15:29:05.0000000Z" />
        <field name="gilman_name" value="Sales" />
        <field name="gilman_order" value="1" />
        <field name="ownerid" value="0cdfa0ee-efaa-ec11-983f-000d3a59e400" lookupentity="systemuser" lookupentityname="Jon Gilman" />
        <field name="owningbusinessunit" value="b52a5002-34a7-ec11-9840-000d3a5c98cc" lookupentity="businessunit" lookupentityname="orgb4a78883" />
        <field name="owninguser" value="0cdfa0ee-efaa-ec11-983f-000d3a59e400" lookupentity="systemuser" />
        <field name="gilman_showmenu" value="true" />
        <field name="statecode" value="0" />
        <field name="statuscode" value="1" />
      </record>
      <record id="b4e223b5-0c18-ed11-b83e-000d3a315dfe">
        <field name="createdby" value="0cdfa0ee-efaa-ec11-983f-000d3a59e400" lookupentity="systemuser" lookupentityname="Jon Gilman" />
        <field name="createdon" value="2022-08-09T17:57:22.0000000Z" />
        <field name="sap_icon" value="builtinicon:ShoppingCart" />
        <field name="gilman_menugroupid" value="b4e223b5-0c18-ed11-b83e-000d3a315dfe" />
        <field name="modifiedby" value="0cdfa0ee-efaa-ec11-983f-000d3a59e400" lookupentity="systemuser" lookupentityname="Jon Gilman" />
        <field name="modifiedon" value="2022-09-12T15:21:52.0000000Z" />
        <field name="gilman_name" value="Purchasing" />
        <field name="gilman_order" value="2" />
        <field name="ownerid" value="0cdfa0ee-efaa-ec11-983f-000d3a59e400" lookupentity="systemuser" lookupentityname="Jon Gilman" />
        <field name="owningbusinessunit" value="b52a5002-34a7-ec11-9840-000d3a5c98cc" lookupentity="businessunit" lookupentityname="orgb4a78883" />
        <field name="owninguser" value="0cdfa0ee-efaa-ec11-983f-000d3a59e400" lookupentity="systemuser" />
        <field name="gilman_showmenu" value="false" />
        <field name="statecode" value="0" />
        <field name="statuscode" value="1" />
      </record>
      <record id="5fed20bb-0c18-ed11-b83e-000d3a315dfe">
        <field name="createdby" value="0cdfa0ee-efaa-ec11-983f-000d3a59e400" lookupentity="systemuser" lookupentityname="Jon Gilman" />
        <field name="createdon" value="2022-08-09T17:57:31.0000000Z" />
        <field name="sap_icon" value="builtinicon:Manufacture" />
        <field name="gilman_menugroupid" value="5fed20bb-0c18-ed11-b83e-000d3a315dfe" />
        <field name="modifiedby" value="0cdfa0ee-efaa-ec11-983f-000d3a59e400" lookupentity="systemuser" lookupentityname="Jon Gilman" />
        <field name="modifiedon" value="2022-09-12T15:22:36.0000000Z" />
        <field name="gilman_name" value="Production" />
        <field name="gilman_order" value="4" />
        <field name="ownerid" value="0cdfa0ee-efaa-ec11-983f-000d3a59e400" lookupentity="systemuser" lookupentityname="Jon Gilman" />
        <field name="owningbusinessunit" value="b52a5002-34a7-ec11-9840-000d3a5c98cc" lookupentity="businessunit" lookupentityname="orgb4a78883" />
        <field name="owninguser" value="0cdfa0ee-efaa-ec11-983f-000d3a59e400" lookupentity="systemuser" />
        <field name="gilman_showmenu" value="false" />
        <field name="statecode" value="0" />
        <field name="statuscode" value="1" />
      </record>
      <record id="8bcc4110-2623-ed11-b83e-000d3a597799">
        <field name="createdby" value="0cdfa0ee-efaa-ec11-983f-000d3a59e400" lookupentity="systemuser" lookupentityname="Jon Gilman" />
        <field name="createdon" value="2022-08-23T20:56:37.0000000Z" />
        <field name="sap_icon" value="builtinicon:ToolsWrench" />
        <field name="gilman_menugroupid" value="8bcc4110-2623-ed11-b83e-000d3a597799" />
        <field name="modifiedby" value="0cdfa0ee-efaa-ec11-983f-000d3a59e400" lookupentity="systemuser" lookupentityname="Jon Gilman" />
        <field name="modifiedon" value="2022-09-12T15:22:57.0000000Z" />
        <field name="gilman_name" value="Tools" />
        <field name="gilman_order" value="5" />
        <field name="ownerid" value="0cdfa0ee-efaa-ec11-983f-000d3a59e400" lookupentity="systemuser" lookupentityname="Jon Gilman" />
        <field name="owningbusinessunit" value="b52a5002-34a7-ec11-9840-000d3a5c98cc" lookupentity="businessunit" lookupentityname="orgb4a78883" />
        <field name="owninguser" value="0cdfa0ee-efaa-ec11-983f-000d3a59e400" lookupentity="systemuser" />
        <field name="gilman_showmenu" value="false" />
        <field name="statecode" value="0" />
        <field name="statuscode" value="1" />
      </record>
    </records>
    <m2mrelationships />
  </entity>
  <entity name="gilman_menuitem" displayname="MenuItem">
    <records>
      <record id="6bc76dd5-0d18-ed11-b83e-000d3a315c79">
        <field name="createdby" value="0cdfa0ee-efaa-ec11-983f-000d3a59e400" lookupentity="systemuser" lookupentityname="Jon Gilman" />
        <field name="createdon" value="2022-08-09T18:05:22.0000000Z" />
        <field name="gilman_icon" value="builtinicon:ShoppingCart" />
        <field name="gilman_menugroup" value="7a3d29af-0c18-ed11-b83e-000d3a315dfe" lookupentity="gilman_menugroup" lookupentityname="Sales" />
        <field name="gilman_menuitemid" value="6bc76dd5-0d18-ed11-b83e-000d3a315c79" />
        <field name="modifiedby" value="0cdfa0ee-efaa-ec11-983f-000d3a59e400" lookupentity="systemuser" lookupentityname="Jon Gilman" />
        <field name="modifiedon" value="2022-08-19T19:02:47.0000000Z" />
        <field name="gilman_name" value="Sales Orders" />
        <field name="gilman_order" value="3" />
        <field name="ownerid" value="0cdfa0ee-efaa-ec11-983f-000d3a59e400" lookupentity="systemuser" lookupentityname="Jon Gilman" />
        <field name="owningbusinessunit" value="b52a5002-34a7-ec11-9840-000d3a5c98cc" lookupentity="businessunit" lookupentityname="orgb4a78883" />
        <field name="owninguser" value="0cdfa0ee-efaa-ec11-983f-000d3a59e400" lookupentity="systemuser" />
        <field name="statecode" value="0" />
        <field name="statuscode" value="1" />
        <field name="gilman_url" value="https://apps.preview.powerapps.com/play/3f11f825-02ee-4db0-ade4-5c4ff06c3c17?tenantId=088f6d63-df38-4924-889d-f87e500e139e" />
      </record>
      <record id="f1029350-1818-ed11-b83e-000d3a315c79">
        <field name="createdby" value="0cdfa0ee-efaa-ec11-983f-000d3a59e400" lookupentity="systemuser" lookupentityname="Jon Gilman" />
        <field name="createdon" value="2022-08-09T19:20:31.0000000Z" />
        <field name="gilman_icon" value="builtinicon:DocumentWithContent" />
        <field name="gilman_menugroup" value="7a3d29af-0c18-ed11-b83e-000d3a315dfe" lookupentity="gilman_menugroup" lookupentityname="Sales" />
        <field name="gilman_menuitemid" value="f1029350-1818-ed11-b83e-000d3a315c79" />
        <field name="modifiedby" value="0cdfa0ee-efaa-ec11-983f-000d3a59e400" lookupentity="systemuser" lookupentityname="Jon Gilman" />
        <field name="modifiedon" value="2022-08-15T18:25:04.0000000Z" />
        <field name="gilman_name" value="Quotes" />
        <field name="gilman_order" value="2" />
        <field name="ownerid" value="0cdfa0ee-efaa-ec11-983f-000d3a59e400" lookupentity="systemuser" lookupentityname="Jon Gilman" />
        <field name="owningbusinessunit" value="b52a5002-34a7-ec11-9840-000d3a5c98cc" lookupentity="businessunit" lookupentityname="orgb4a78883" />
        <field name="owninguser" value="0cdfa0ee-efaa-ec11-983f-000d3a59e400" lookupentity="systemuser" />
        <field name="statecode" value="0" />
        <field name="statuscode" value="1" />
      </record>
      <record id="bfc5db5b-1818-ed11-b83e-000d3a315c79">
        <field name="createdby" value="0cdfa0ee-efaa-ec11-983f-000d3a59e400" lookupentity="systemuser" lookupentityname="Jon Gilman" />
        <field name="createdon" value="2022-08-09T19:20:42.0000000Z" />
        <field name="gilman_icon" value="builtinicon:Currency" />
        <field name="gilman_menugroup" value="7a3d29af-0c18-ed11-b83e-000d3a315dfe" lookupentity="gilman_menugroup" lookupentityname="Sales" />
        <field name="gilman_menuitemid" value="bfc5db5b-1818-ed11-b83e-000d3a315c79" />
        <field name="modifiedby" value="0cdfa0ee-efaa-ec11-983f-000d3a59e400" lookupentity="systemuser" lookupentityname="Jon Gilman" />
        <field name="modifiedon" value="2022-08-15T18:26:02.0000000Z" />
        <field name="gilman_name" value="Customer Payments" />
        <field name="gilman_order" value="6" />
        <field name="ownerid" value="0cdfa0ee-efaa-ec11-983f-000d3a59e400" lookupentity="systemuser" lookupentityname="Jon Gilman" />
        <field name="owningbusinessunit" value="b52a5002-34a7-ec11-9840-000d3a5c98cc" lookupentity="businessunit" lookupentityname="orgb4a78883" />
        <field name="owninguser" value="0cdfa0ee-efaa-ec11-983f-000d3a59e400" lookupentity="systemuser" />
        <field name="statecode" value="0" />
        <field name="statuscode" value="1" />
      </record>
      <record id="c748ac67-1818-ed11-b83e-000d3a315c79">
        <field name="createdby" value="0cdfa0ee-efaa-ec11-983f-000d3a59e400" lookupentity="systemuser" lookupentityname="Jon Gilman" />
        <field name="createdon" value="2022-08-09T19:21:06.0000000Z" />
        <field name="gilman_icon" value="builtinicon:Money" />
        <field name="gilman_menugroup" value="7a3d29af-0c18-ed11-b83e-000d3a315dfe" lookupentity="gilman_menugroup" lookupentityname="Sales" />
        <field name="gilman_menuitemid" value="c748ac67-1818-ed11-b83e-000d3a315c79" />
        <field name="modifiedby" value="0cdfa0ee-efaa-ec11-983f-000d3a59e400" lookupentity="systemuser" lookupentityname="Jon Gilman" />
        <field name="modifiedon" value="2022-08-15T18:25:29.0000000Z" />
        <field name="gilman_name" value="Mass Update Pricing" />
        <field name="gilman_order" value="7" />
        <field name="ownerid" value="0cdfa0ee-efaa-ec11-983f-000d3a59e400" lookupentity="systemuser" lookupentityname="Jon Gilman" />
        <field name="owningbusinessunit" value="b52a5002-34a7-ec11-9840-000d3a5c98cc" lookupentity="businessunit" lookupentityname="orgb4a78883" />
        <field name="owninguser" value="0cdfa0ee-efaa-ec11-983f-000d3a59e400" lookupentity="systemuser" />
        <field name="statecode" value="0" />
        <field name="statuscode" value="1" />
      </record>
      <record id="6595ceeb-1918-ed11-b83e-000d3a315c79">
        <field name="createdby" value="0cdfa0ee-efaa-ec11-983f-000d3a59e400" lookupentity="systemuser" lookupentityname="Jon Gilman" />
        <field name="createdon" value="2022-08-09T19:31:55.0000000Z" />
        <field name="gilman_icon" value="builtinicon:Post" />
        <field name="gilman_menugroup" value="05edccb5-0c18-ed11-b83e-000d3a315c79" lookupentity="gilman_menugroup" lookupentityname="Finance" />
        <field name="gilman_menuitemid" value="6595ceeb-1918-ed11-b83e-000d3a315c79" />
        <field name="modifiedby" value="0cdfa0ee-efaa-ec11-983f-000d3a59e400" lookupentity="systemuser" lookupentityname="Jon Gilman" />
        <field name="modifiedon" value="2022-08-15T18:25:46.0000000Z" />
        <field name="gilman_name" value="Financial Postings" />
        <field name="gilman_order" value="1" />
        <field name="ownerid" value="0cdfa0ee-efaa-ec11-983f-000d3a59e400" lookupentity="systemuser" lookupentityname="Jon Gilman" />
        <field name="owningbusinessunit" value="b52a5002-34a7-ec11-9840-000d3a5c98cc" lookupentity="businessunit" lookupentityname="orgb4a78883" />
        <field name="owninguser" value="0cdfa0ee-efaa-ec11-983f-000d3a59e400" lookupentity="systemuser" />
        <field name="statecode" value="0" />
        <field name="statuscode" value="1" />
      </record>
      <record id="6c95ceeb-1918-ed11-b83e-000d3a315c79">
        <field name="createdby" value="0cdfa0ee-efaa-ec11-983f-000d3a59e400" lookupentity="systemuser" lookupentityname="Jon Gilman" />
        <field name="createdon" value="2022-08-09T19:32:03.0000000Z" />
        <field name="gilman_icon" value="builtinicon:Currency" />
        <field name="gilman_menugroup" value="05edccb5-0c18-ed11-b83e-000d3a315c79" lookupentity="gilman_menugroup" lookupentityname="Finance" />
        <field name="gilman_menuitemid" value="6c95ceeb-1918-ed11-b83e-000d3a315c79" />
        <field name="modifiedby" value="0cdfa0ee-efaa-ec11-983f-000d3a59e400" lookupentity="systemuser" lookupentityname="Jon Gilman" />
        <field name="modifiedon" value="2022-08-15T18:26:14.0000000Z" />
        <field name="gilman_name" value="Cash Application" />
        <field name="gilman_order" value="2" />
        <field name="ownerid" value="0cdfa0ee-efaa-ec11-983f-000d3a59e400" lookupentity="systemuser" lookupentityname="Jon Gilman" />
        <field name="owningbusinessunit" value="b52a5002-34a7-ec11-9840-000d3a5c98cc" lookupentity="businessunit" lookupentityname="orgb4a78883" />
        <field name="owninguser" value="0cdfa0ee-efaa-ec11-983f-000d3a59e400" lookupentity="systemuser" />
        <field name="statecode" value="0" />
        <field name="statuscode" value="1" />
      </record>
      <record id="2af7d5f6-1918-ed11-b83e-000d3a315c79">
        <field name="createdby" value="0cdfa0ee-efaa-ec11-983f-000d3a59e400" lookupentity="systemuser" lookupentityname="Jon Gilman" />
        <field name="createdon" value="2022-08-09T19:32:12.0000000Z" />
        <field name="gilman_icon" value="builtinicon:Notebook" />
        <field name="gilman_menugroup" value="05edccb5-0c18-ed11-b83e-000d3a315c79" lookupentity="gilman_menugroup" lookupentityname="Finance" />
        <field name="gilman_menuitemid" value="2af7d5f6-1918-ed11-b83e-000d3a315c79" />
        <field name="modifiedby" value="0cdfa0ee-efaa-ec11-983f-000d3a59e400" lookupentity="systemuser" lookupentityname="Jon Gilman" />
        <field name="modifiedon" value="2022-08-15T18:25:41.0000000Z" />
        <field name="gilman_name" value="GL Accounts" />
        <field name="gilman_order" value="3" />
        <field name="ownerid" value="0cdfa0ee-efaa-ec11-983f-000d3a59e400" lookupentity="systemuser" lookupentityname="Jon Gilman" />
        <field name="owningbusinessunit" value="b52a5002-34a7-ec11-9840-000d3a5c98cc" lookupentity="businessunit" lookupentityname="orgb4a78883" />
        <field name="owninguser" value="0cdfa0ee-efaa-ec11-983f-000d3a59e400" lookupentity="systemuser" />
        <field name="statecode" value="0" />
        <field name="statuscode" value="1" />
      </record>
      <record id="117bd609-1a18-ed11-b83e-000d3a315c79">
        <field name="createdby" value="0cdfa0ee-efaa-ec11-983f-000d3a59e400" lookupentity="systemuser" lookupentityname="Jon Gilman" />
        <field name="createdon" value="2022-08-09T19:32:44.0000000Z" />
        <field name="gilman_icon" value="builtinicon:ArrowUp" />
        <field name="gilman_menugroup" value="05edccb5-0c18-ed11-b83e-000d3a315c79" lookupentity="gilman_menugroup" lookupentityname="Finance" />
        <field name="gilman_menuitemid" value="117bd609-1a18-ed11-b83e-000d3a315c79" />
        <field name="modifiedby" value="0cdfa0ee-efaa-ec11-983f-000d3a59e400" lookupentity="systemuser" lookupentityname="Jon Gilman" />
        <field name="modifiedon" value="2022-08-15T18:26:24.0000000Z" />
        <field name="gilman_name" value="Upload Journal Entries" />
        <field name="gilman_order" value="6" />
        <field name="ownerid" value="0cdfa0ee-efaa-ec11-983f-000d3a59e400" lookupentity="systemuser" lookupentityname="Jon Gilman" />
        <field name="owningbusinessunit" value="b52a5002-34a7-ec11-9840-000d3a5c98cc" lookupentity="businessunit" lookupentityname="orgb4a78883" />
        <field name="owninguser" value="0cdfa0ee-efaa-ec11-983f-000d3a59e400" lookupentity="systemuser" />
        <field name="statecode" value="0" />
        <field name="statuscode" value="1" />
      </record>
      <record id="081d285a-1a18-ed11-b83e-000d3a315c79">
        <field name="createdby" value="0cdfa0ee-efaa-ec11-983f-000d3a59e400" lookupentity="systemuser" lookupentityname="Jon Gilman" />
        <field name="createdon" value="2022-08-09T19:34:58.0000000Z" />
        <field name="gilman_icon" value="builtinicon:Export" />
        <field name="gilman_menugroup" value="5fed20bb-0c18-ed11-b83e-000d3a315dfe" lookupentity="gilman_menugroup" lookupentityname="Production" />
        <field name="gilman_menuitemid" value="081d285a-1a18-ed11-b83e-000d3a315c79" />
        <field name="modifiedby" value="0cdfa0ee-efaa-ec11-983f-000d3a59e400" lookupentity="systemuser" lookupentityname="Jon Gilman" />
        <field name="modifiedon" value="2022-08-15T18:25:37.0000000Z" />
        <field name="gilman_name" value="Goods Movements" />
        <field name="gilman_order" value="3" />
        <field name="ownerid" value="0cdfa0ee-efaa-ec11-983f-000d3a59e400" lookupentity="systemuser" lookupentityname="Jon Gilman" />
        <field name="owningbusinessunit" value="b52a5002-34a7-ec11-9840-000d3a5c98cc" lookupentity="businessunit" lookupentityname="orgb4a78883" />
        <field name="owninguser" value="0cdfa0ee-efaa-ec11-983f-000d3a59e400" lookupentity="systemuser" />
        <field name="statecode" value="0" />
        <field name="statuscode" value="1" />
      </record>
      <record id="f57c0167-1a18-ed11-b83e-000d3a315c79">
        <field name="createdby" value="0cdfa0ee-efaa-ec11-983f-000d3a59e400" lookupentity="systemuser" lookupentityname="Jon Gilman" />
        <field name="createdon" value="2022-08-09T19:35:20.0000000Z" />
        <field name="gilman_icon" value="builtinicon:Transportation" />
        <field name="gilman_menugroup" value="5fed20bb-0c18-ed11-b83e-000d3a315dfe" lookupentity="gilman_menugroup" lookupentityname="Production" />
        <field name="gilman_menuitemid" value="f57c0167-1a18-ed11-b83e-000d3a315c79" />
        <field name="modifiedby" value="0cdfa0ee-efaa-ec11-983f-000d3a59e400" lookupentity="systemuser" lookupentityname="Jon Gilman" />
        <field name="modifiedon" value="2022-08-15T18:25:50.0000000Z" />
        <field name="gilman_name" value="Equipment" />
        <field name="gilman_order" value="4" />
        <field name="ownerid" value="0cdfa0ee-efaa-ec11-983f-000d3a59e400" lookupentity="systemuser" lookupentityname="Jon Gilman" />
        <field name="owningbusinessunit" value="b52a5002-34a7-ec11-9840-000d3a5c98cc" lookupentity="businessunit" lookupentityname="orgb4a78883" />
        <field name="owninguser" value="0cdfa0ee-efaa-ec11-983f-000d3a59e400" lookupentity="systemuser" />
        <field name="statecode" value="0" />
        <field name="statuscode" value="1" />
      </record>
      <record id="f67c0167-1a18-ed11-b83e-000d3a315c79">
        <field name="createdby" value="0cdfa0ee-efaa-ec11-983f-000d3a59e400" lookupentity="systemuser" lookupentityname="Jon Gilman" />
        <field name="createdon" value="2022-08-09T19:35:21.0000000Z" />
        <field name="gilman_icon" value="builtinicon:ToolsWrench" />
        <field name="gilman_menugroup" value="5fed20bb-0c18-ed11-b83e-000d3a315dfe" lookupentity="gilman_menugroup" lookupentityname="Production" />
        <field name="gilman_menuitemid" value="f67c0167-1a18-ed11-b83e-000d3a315c79" />
        <field name="modifiedby" value="0cdfa0ee-efaa-ec11-983f-000d3a59e400" lookupentity="systemuser" lookupentityname="Jon Gilman" />
        <field name="modifiedon" value="2022-08-15T18:26:40.0000000Z" />
        <field name="gilman_name" value="Work Orders" />
        <field name="gilman_order" value="5" />
        <field name="ownerid" value="0cdfa0ee-efaa-ec11-983f-000d3a59e400" lookupentity="systemuser" lookupentityname="Jon Gilman" />
        <field name="owningbusinessunit" value="b52a5002-34a7-ec11-9840-000d3a5c98cc" lookupentity="businessunit" lookupentityname="orgb4a78883" />
        <field name="owninguser" value="0cdfa0ee-efaa-ec11-983f-000d3a59e400" lookupentity="systemuser" />
        <field name="statecode" value="0" />
        <field name="statuscode" value="1" />
      </record>
      <record id="2992284a-1818-ed11-b83e-000d3a315dfe">
        <field name="createdby" value="0cdfa0ee-efaa-ec11-983f-000d3a59e400" lookupentity="systemuser" lookupentityname="Jon Gilman" />
        <field name="createdon" value="2022-08-09T19:20:14.0000000Z" />
        <field name="gilman_icon" value="builtinicon:People" />
        <field name="gilman_menugroup" value="7a3d29af-0c18-ed11-b83e-000d3a315dfe" lookupentity="gilman_menugroup" lookupentityname="Sales" />
        <field name="gilman_menuitemid" value="2992284a-1818-ed11-b83e-000d3a315dfe" />
        <field name="modifiedby" value="0cdfa0ee-efaa-ec11-983f-000d3a59e400" lookupentity="systemuser" lookupentityname="Jon Gilman" />
        <field name="modifiedon" value="2022-08-15T18:25:58.0000000Z" />
        <field name="gilman_name" value="Customers" />
        <field name="gilman_order" value="1" />
        <field name="ownerid" value="0cdfa0ee-efaa-ec11-983f-000d3a59e400" lookupentity="systemuser" lookupentityname="Jon Gilman" />
        <field name="owningbusinessunit" value="b52a5002-34a7-ec11-9840-000d3a5c98cc" lookupentity="businessunit" lookupentityname="orgb4a78883" />
        <field name="owninguser" value="0cdfa0ee-efaa-ec11-983f-000d3a59e400" lookupentity="systemuser" />
        <field name="statecode" value="0" />
        <field name="statuscode" value="1" />
      </record>
      <record id="31577159-1818-ed11-b83e-000d3a315dfe">
        <field name="createdby" value="0cdfa0ee-efaa-ec11-983f-000d3a59e400" lookupentity="systemuser" lookupentityname="Jon Gilman" />
        <field name="createdon" value="2022-08-09T19:20:42.0000000Z" />
        <field name="gilman_icon" value="builtinicon:ListScrollWatchlist" />
        <field name="gilman_menugroup" value="7a3d29af-0c18-ed11-b83e-000d3a315dfe" lookupentity="gilman_menugroup" lookupentityname="Sales" />
        <field name="gilman_menuitemid" value="31577159-1818-ed11-b83e-000d3a315dfe" />
        <field name="modifiedby" value="0cdfa0ee-efaa-ec11-983f-000d3a59e400" lookupentity="systemuser" lookupentityname="Jon Gilman" />
        <field name="modifiedon" value="2022-08-15T18:26:06.0000000Z" />
        <field name="gilman_name" value="Customer Invoices" />
        <field name="gilman_order" value="5" />
        <field name="ownerid" value="0cdfa0ee-efaa-ec11-983f-000d3a59e400" lookupentity="systemuser" lookupentityname="Jon Gilman" />
        <field name="owningbusinessunit" value="b52a5002-34a7-ec11-9840-000d3a5c98cc" lookupentity="businessunit" lookupentityname="orgb4a78883" />
        <field name="owninguser" value="0cdfa0ee-efaa-ec11-983f-000d3a59e400" lookupentity="systemuser" />
        <field name="statecode" value="0" />
        <field name="statuscode" value="1" />
      </record>
      <record id="9b5f5a83-1818-ed11-b83e-000d3a315dfe">
        <field name="createdby" value="0cdfa0ee-efaa-ec11-983f-000d3a59e400" lookupentity="systemuser" lookupentityname="Jon Gilman" />
        <field name="createdon" value="2022-08-09T19:21:51.0000000Z" />
        <field name="gilman_icon" value="builtinicon:Train" />
        <field name="gilman_menugroup" value="7a3d29af-0c18-ed11-b83e-000d3a315dfe" lookupentity="gilman_menugroup" lookupentityname="Sales" />
        <field name="gilman_menuitemid" value="9b5f5a83-1818-ed11-b83e-000d3a315dfe" />
        <field name="modifiedby" value="0cdfa0ee-efaa-ec11-983f-000d3a59e400" lookupentity="systemuser" lookupentityname="Jon Gilman" />
        <field name="modifiedon" value="2022-08-15T18:25:54.0000000Z" />
        <field name="gilman_name" value="Deliveries" />
        <field name="gilman_order" value="4" />
        <field name="ownerid" value="0cdfa0ee-efaa-ec11-983f-000d3a59e400" lookupentity="systemuser" lookupentityname="Jon Gilman" />
        <field name="owningbusinessunit" value="b52a5002-34a7-ec11-9840-000d3a5c98cc" lookupentity="businessunit" lookupentityname="orgb4a78883" />
        <field name="owninguser" value="0cdfa0ee-efaa-ec11-983f-000d3a59e400" lookupentity="systemuser" />
        <field name="statecode" value="0" />
        <field name="statuscode" value="1" />
      </record>
      <record id="65ab3174-1918-ed11-b83e-000d3a315dfe">
        <field name="createdby" value="0cdfa0ee-efaa-ec11-983f-000d3a59e400" lookupentity="systemuser" lookupentityname="Jon Gilman" />
        <field name="createdon" value="2022-08-09T19:28:36.0000000Z" />
        <field name="gilman_icon" value="builtinicon:OfficeBuilding" />
        <field name="gilman_menugroup" value="b4e223b5-0c18-ed11-b83e-000d3a315dfe" lookupentity="gilman_menugroup" lookupentityname="Purchasing" />
        <field name="gilman_menuitemid" value="65ab3174-1918-ed11-b83e-000d3a315dfe" />
        <field name="modifiedby" value="0cdfa0ee-efaa-ec11-983f-000d3a59e400" lookupentity="systemuser" lookupentityname="Jon Gilman" />
        <field name="modifiedon" value="2022-08-15T18:26:35.0000000Z" />
        <field name="gilman_name" value="Vendors" />
        <field name="gilman_order" value="1" />
        <field name="ownerid" value="0cdfa0ee-efaa-ec11-983f-000d3a59e400" lookupentity="systemuser" lookupentityname="Jon Gilman" />
        <field name="owningbusinessunit" value="b52a5002-34a7-ec11-9840-000d3a5c98cc" lookupentity="businessunit" lookupentityname="orgb4a78883" />
        <field name="owninguser" value="0cdfa0ee-efaa-ec11-983f-000d3a59e400" lookupentity="systemuser" />
        <field name="statecode" value="0" />
        <field name="statuscode" value="1" />
      </record>
      <record id="53982480-1918-ed11-b83e-000d3a315dfe">
        <field name="createdby" value="0cdfa0ee-efaa-ec11-983f-000d3a59e400" lookupentity="systemuser" lookupentityname="Jon Gilman" />
        <field name="createdon" value="2022-08-09T19:29:02.0000000Z" />
        <field name="gilman_icon" value="builtinicon:ListScrollWatchlist" />
        <field name="gilman_menugroup" value="b4e223b5-0c18-ed11-b83e-000d3a315dfe" lookupentity="gilman_menugroup" lookupentityname="Purchasing" />
        <field name="gilman_menuitemid" value="53982480-1918-ed11-b83e-000d3a315dfe" />
        <field name="modifiedby" value="0cdfa0ee-efaa-ec11-983f-000d3a59e400" lookupentity="systemuser" lookupentityname="Jon Gilman" />
        <field name="modifiedon" value="2022-08-15T18:24:59.0000000Z" />
        <field name="gilman_name" value="Requisitions" />
        <field name="gilman_order" value="2" />
        <field name="ownerid" value="0cdfa0ee-efaa-ec11-983f-000d3a59e400" lookupentity="systemuser" lookupentityname="Jon Gilman" />
        <field name="owningbusinessunit" value="b52a5002-34a7-ec11-9840-000d3a5c98cc" lookupentity="businessunit" lookupentityname="orgb4a78883" />
        <field name="owninguser" value="0cdfa0ee-efaa-ec11-983f-000d3a59e400" lookupentity="systemuser" />
        <field name="statecode" value="0" />
        <field name="statuscode" value="1" />
      </record>
      <record id="2bdd1c86-1918-ed11-b83e-000d3a315dfe">
        <field name="createdby" value="0cdfa0ee-efaa-ec11-983f-000d3a59e400" lookupentity="systemuser" lookupentityname="Jon Gilman" />
        <field name="createdon" value="2022-08-09T19:29:11.0000000Z" />
        <field name="gilman_icon" value="builtinicon:ShoppingCart" />
        <field name="gilman_menugroup" value="b4e223b5-0c18-ed11-b83e-000d3a315dfe" lookupentity="gilman_menugroup" lookupentityname="Purchasing" />
        <field name="gilman_menuitemid" value="2bdd1c86-1918-ed11-b83e-000d3a315dfe" />
        <field name="modifiedby" value="0cdfa0ee-efaa-ec11-983f-000d3a59e400" lookupentity="systemuser" lookupentityname="Jon Gilman" />
        <field name="modifiedon" value="2022-08-19T19:02:20.0000000Z" />
        <field name="gilman_name" value="Purchase Orders" />
        <field name="gilman_order" value="3" />
        <field name="ownerid" value="0cdfa0ee-efaa-ec11-983f-000d3a59e400" lookupentity="systemuser" lookupentityname="Jon Gilman" />
        <field name="owningbusinessunit" value="b52a5002-34a7-ec11-9840-000d3a5c98cc" lookupentity="businessunit" lookupentityname="orgb4a78883" />
        <field name="owninguser" value="0cdfa0ee-efaa-ec11-983f-000d3a59e400" lookupentity="systemuser" />
        <field name="statecode" value="0" />
        <field name="statuscode" value="1" />
        <field name="gilman_url" value="https://apps.preview.powerapps.com/play/648703d0-870c-4b20-910f-d04b29fd93f7?tenantId=088f6d63-df38-4924-889d-f87e500e139e" />
      </record>
      <record id="ac83178c-1918-ed11-b83e-000d3a315dfe">
        <field name="createdby" value="0cdfa0ee-efaa-ec11-983f-000d3a59e400" lookupentity="systemuser" lookupentityname="Jon Gilman" />
        <field name="createdon" value="2022-08-09T19:29:18.0000000Z" />
        <field name="gilman_icon" value="builtinicon:Tray" />
        <field name="gilman_menugroup" value="b4e223b5-0c18-ed11-b83e-000d3a315dfe" lookupentity="gilman_menugroup" lookupentityname="Purchasing" />
        <field name="gilman_menuitemid" value="ac83178c-1918-ed11-b83e-000d3a315dfe" />
        <field name="modifiedby" value="0cdfa0ee-efaa-ec11-983f-000d3a59e400" lookupentity="systemuser" lookupentityname="Jon Gilman" />
        <field name="modifiedon" value="2022-08-15T18:25:34.0000000Z" />
        <field name="gilman_name" value="Goods Receipts" />
        <field name="gilman_order" value="4" />
        <field name="ownerid" value="0cdfa0ee-efaa-ec11-983f-000d3a59e400" lookupentity="systemuser" lookupentityname="Jon Gilman" />
        <field name="owningbusinessunit" value="b52a5002-34a7-ec11-9840-000d3a5c98cc" lookupentity="businessunit" lookupentityname="orgb4a78883" />
        <field name="owninguser" value="0cdfa0ee-efaa-ec11-983f-000d3a59e400" lookupentity="systemuser" />
        <field name="statecode" value="0" />
        <field name="statuscode" value="1" />
      </record>
      <record id="68c70f92-1918-ed11-b83e-000d3a315dfe">
        <field name="createdby" value="0cdfa0ee-efaa-ec11-983f-000d3a59e400" lookupentity="systemuser" lookupentityname="Jon Gilman" />
        <field name="createdon" value="2022-08-09T19:29:26.0000000Z" />
        <field name="gilman_icon" value="builtinicon:ListScrollWatchlist" />
        <field name="gilman_menugroup" value="b4e223b5-0c18-ed11-b83e-000d3a315dfe" lookupentity="gilman_menugroup" lookupentityname="Purchasing" />
        <field name="gilman_menuitemid" value="68c70f92-1918-ed11-b83e-000d3a315dfe" />
        <field name="modifiedby" value="0cdfa0ee-efaa-ec11-983f-000d3a59e400" lookupentity="systemuser" lookupentityname="Jon Gilman" />
        <field name="modifiedon" value="2022-08-15T18:26:27.0000000Z" />
        <field name="gilman_name" value="Vendor Invoices" />
        <field name="gilman_order" value="5" />
        <field name="ownerid" value="0cdfa0ee-efaa-ec11-983f-000d3a59e400" lookupentity="systemuser" lookupentityname="Jon Gilman" />
        <field name="owningbusinessunit" value="b52a5002-34a7-ec11-9840-000d3a5c98cc" lookupentity="businessunit" lookupentityname="orgb4a78883" />
        <field name="owninguser" value="0cdfa0ee-efaa-ec11-983f-000d3a59e400" lookupentity="systemuser" />
        <field name="statecode" value="0" />
        <field name="statuscode" value="1" />
      </record>
      <record id="440e0898-1918-ed11-b83e-000d3a315dfe">
        <field name="createdby" value="0cdfa0ee-efaa-ec11-983f-000d3a59e400" lookupentity="systemuser" lookupentityname="Jon Gilman" />
        <field name="createdon" value="2022-08-09T19:29:37.0000000Z" />
        <field name="gilman_icon" value="builtinicon:Currency" />
        <field name="gilman_menugroup" value="b4e223b5-0c18-ed11-b83e-000d3a315dfe" lookupentity="gilman_menugroup" lookupentityname="Purchasing" />
        <field name="gilman_menuitemid" value="440e0898-1918-ed11-b83e-000d3a315dfe" />
        <field name="modifiedby" value="0cdfa0ee-efaa-ec11-983f-000d3a59e400" lookupentity="systemuser" lookupentityname="Jon Gilman" />
        <field name="modifiedon" value="2022-08-15T18:26:31.0000000Z" />
        <field name="gilman_name" value="Vendor Payments" />
        <field name="gilman_order" value="6" />
        <field name="ownerid" value="0cdfa0ee-efaa-ec11-983f-000d3a59e400" lookupentity="systemuser" lookupentityname="Jon Gilman" />
        <field name="owningbusinessunit" value="b52a5002-34a7-ec11-9840-000d3a5c98cc" lookupentity="businessunit" lookupentityname="orgb4a78883" />
        <field name="owninguser" value="0cdfa0ee-efaa-ec11-983f-000d3a59e400" lookupentity="systemuser" />
        <field name="statecode" value="0" />
        <field name="statuscode" value="1" />
      </record>
      <record id="403fb2f7-1918-ed11-b83e-000d3a315dfe">
        <field name="createdby" value="0cdfa0ee-efaa-ec11-983f-000d3a59e400" lookupentity="systemuser" lookupentityname="Jon Gilman" />
        <field name="createdon" value="2022-08-09T19:32:19.0000000Z" />
        <field name="gilman_icon" value="builtinicon:Money" />
        <field name="gilman_menugroup" value="05edccb5-0c18-ed11-b83e-000d3a315c79" lookupentity="gilman_menugroup" lookupentityname="Finance" />
        <field name="gilman_menuitemid" value="403fb2f7-1918-ed11-b83e-000d3a315dfe" />
        <field name="modifiedby" value="0cdfa0ee-efaa-ec11-983f-000d3a59e400" lookupentity="systemuser" lookupentityname="Jon Gilman" />
        <field name="modifiedon" value="2022-08-15T18:26:11.0000000Z" />
        <field name="gilman_name" value="Cost Centers" />
        <field name="gilman_order" value="4" />
        <field name="ownerid" value="0cdfa0ee-efaa-ec11-983f-000d3a59e400" lookupentity="systemuser" lookupentityname="Jon Gilman" />
        <field name="owningbusinessunit" value="b52a5002-34a7-ec11-9840-000d3a5c98cc" lookupentity="businessunit" lookupentityname="orgb4a78883" />
        <field name="owninguser" value="0cdfa0ee-efaa-ec11-983f-000d3a59e400" lookupentity="systemuser" />
        <field name="statecode" value="0" />
        <field name="statuscode" value="1" />
      </record>
      <record id="12e328fe-1918-ed11-b83e-000d3a315dfe">
        <field name="createdby" value="0cdfa0ee-efaa-ec11-983f-000d3a59e400" lookupentity="systemuser" lookupentityname="Jon Gilman" />
        <field name="createdon" value="2022-08-09T19:32:26.0000000Z" />
        <field name="gilman_icon" value="builtinicon:TrendingUpwards" />
        <field name="gilman_menugroup" value="05edccb5-0c18-ed11-b83e-000d3a315c79" lookupentity="gilman_menugroup" lookupentityname="Finance" />
        <field name="gilman_menuitemid" value="12e328fe-1918-ed11-b83e-000d3a315dfe" />
        <field name="modifiedby" value="0cdfa0ee-efaa-ec11-983f-000d3a59e400" lookupentity="systemuser" lookupentityname="Jon Gilman" />
        <field name="modifiedon" value="2022-08-15T18:25:14.0000000Z" />
        <field name="gilman_name" value="Profit Centers" />
        <field name="gilman_order" value="5" />
        <field name="ownerid" value="0cdfa0ee-efaa-ec11-983f-000d3a59e400" lookupentity="systemuser" lookupentityname="Jon Gilman" />
        <field name="owningbusinessunit" value="b52a5002-34a7-ec11-9840-000d3a5c98cc" lookupentity="businessunit" lookupentityname="orgb4a78883" />
        <field name="owninguser" value="0cdfa0ee-efaa-ec11-983f-000d3a59e400" lookupentity="systemuser" />
        <field name="statecode" value="0" />
        <field name="statuscode" value="1" />
      </record>
      <record id="65f15f46-1a18-ed11-b83e-000d3a315dfe">
        <field name="createdby" value="0cdfa0ee-efaa-ec11-983f-000d3a59e400" lookupentity="systemuser" lookupentityname="Jon Gilman" />
        <field name="createdon" value="2022-08-09T19:34:33.0000000Z" />
        <field name="gilman_icon" value="builtinicon:Manufacture" />
        <field name="gilman_menugroup" value="5fed20bb-0c18-ed11-b83e-000d3a315dfe" lookupentity="gilman_menugroup" lookupentityname="Production" />
        <field name="gilman_menuitemid" value="65f15f46-1a18-ed11-b83e-000d3a315dfe" />
        <field name="modifiedby" value="0cdfa0ee-efaa-ec11-983f-000d3a59e400" lookupentity="systemuser" lookupentityname="Jon Gilman" />
        <field name="modifiedon" value="2022-08-15T18:25:19.0000000Z" />
        <field name="gilman_name" value="Production Orders" />
        <field name="gilman_order" value="1" />
        <field name="ownerid" value="0cdfa0ee-efaa-ec11-983f-000d3a59e400" lookupentity="systemuser" lookupentityname="Jon Gilman" />
        <field name="owningbusinessunit" value="b52a5002-34a7-ec11-9840-000d3a5c98cc" lookupentity="businessunit" lookupentityname="orgb4a78883" />
        <field name="owninguser" value="0cdfa0ee-efaa-ec11-983f-000d3a59e400" lookupentity="systemuser" />
        <field name="statecode" value="0" />
        <field name="statuscode" value="1" />
      </record>
      <record id="d035584c-1a18-ed11-b83e-000d3a315dfe">
        <field name="createdby" value="0cdfa0ee-efaa-ec11-983f-000d3a59e400" lookupentity="systemuser" lookupentityname="Jon Gilman" />
        <field name="createdon" value="2022-08-09T19:34:39.0000000Z" />
        <field name="gilman_icon" value="builtinicon:Items" />
        <field name="gilman_menugroup" value="5fed20bb-0c18-ed11-b83e-000d3a315dfe" lookupentity="gilman_menugroup" lookupentityname="Production" />
        <field name="gilman_menuitemid" value="d035584c-1a18-ed11-b83e-000d3a315dfe" />
        <field name="modifiedby" value="0cdfa0ee-efaa-ec11-983f-000d3a59e400" lookupentity="systemuser" lookupentityname="Jon Gilman" />
        <field name="modifiedon" value="2022-08-15T18:25:25.0000000Z" />
        <field name="gilman_name" value="Materials" />
        <field name="gilman_order" value="2" />
        <field name="ownerid" value="0cdfa0ee-efaa-ec11-983f-000d3a59e400" lookupentity="systemuser" lookupentityname="Jon Gilman" />
        <field name="owningbusinessunit" value="b52a5002-34a7-ec11-9840-000d3a5c98cc" lookupentity="businessunit" lookupentityname="orgb4a78883" />
        <field name="owninguser" value="0cdfa0ee-efaa-ec11-983f-000d3a59e400" lookupentity="systemuser" />
        <field name="statecode" value="0" />
        <field name="statuscode" value="1" />
      </record>
      <record id="18bd3570-1a18-ed11-b83e-000d3a315dfe">
        <field name="createdby" value="0cdfa0ee-efaa-ec11-983f-000d3a59e400" lookupentity="systemuser" lookupentityname="Jon Gilman" />
        <field name="createdon" value="2022-08-09T19:35:37.0000000Z" />
        <field name="gilman_icon" value="builtinicon:Train" />
        <field name="gilman_menugroup" value="5fed20bb-0c18-ed11-b83e-000d3a315dfe" lookupentity="gilman_menugroup" lookupentityname="Production" />
        <field name="gilman_menuitemid" value="18bd3570-1a18-ed11-b83e-000d3a315dfe" />
        <field name="modifiedby" value="0cdfa0ee-efaa-ec11-983f-000d3a59e400" lookupentity="systemuser" lookupentityname="Jon Gilman" />
        <field name="modifiedon" value="2022-08-15T18:26:20.0000000Z" />
        <field name="gilman_name" value="Shipments" />
        <field name="gilman_order" value="6" />
        <field name="ownerid" value="0cdfa0ee-efaa-ec11-983f-000d3a59e400" lookupentity="systemuser" lookupentityname="Jon Gilman" />
        <field name="owningbusinessunit" value="b52a5002-34a7-ec11-9840-000d3a5c98cc" lookupentity="businessunit" lookupentityname="orgb4a78883" />
        <field name="owninguser" value="0cdfa0ee-efaa-ec11-983f-000d3a59e400" lookupentity="systemuser" />
        <field name="statecode" value="0" />
        <field name="statuscode" value="1" />
      </record>
      <record id="1f7db27c-2623-ed11-b83e-000d3a59760c">
        <field name="createdby" value="0cdfa0ee-efaa-ec11-983f-000d3a59e400" lookupentity="systemuser" lookupentityname="Jon Gilman" />
        <field name="createdon" value="2022-08-23T20:59:38.0000000Z" />
        <field name="gilman_icon" value="builtinicon:Hamburger" />
        <field name="gilman_menugroup" value="8bcc4110-2623-ed11-b83e-000d3a597799" lookupentity="gilman_menugroup" lookupentityname="Tools" />
        <field name="gilman_menuitemid" value="1f7db27c-2623-ed11-b83e-000d3a59760c" />
        <field name="modifiedby" value="0cdfa0ee-efaa-ec11-983f-000d3a59e400" lookupentity="systemuser" lookupentityname="Jon Gilman" />
        <field name="modifiedon" value="2022-08-23T21:02:09.0000000Z" />
        <field name="gilman_name" value="Configure Menu" />
        <field name="gilman_order" value="3" />
        <field name="ownerid" value="0cdfa0ee-efaa-ec11-983f-000d3a59e400" lookupentity="systemuser" lookupentityname="Jon Gilman" />
        <field name="owningbusinessunit" value="b52a5002-34a7-ec11-9840-000d3a5c98cc" lookupentity="businessunit" lookupentityname="orgb4a78883" />
        <field name="owninguser" value="0cdfa0ee-efaa-ec11-983f-000d3a59e400" lookupentity="systemuser" />
        <field name="statecode" value="0" />
        <field name="statuscode" value="1" />
      </record>
      <record id="2a24022b-2623-ed11-b83e-000d3a597799">
        <field name="createdby" value="0cdfa0ee-efaa-ec11-983f-000d3a59e400" lookupentity="systemuser" lookupentityname="Jon Gilman" />
        <field name="createdon" value="2022-08-23T20:57:24.0000000Z" />
        <field name="gilman_icon" value="builtinicon:People" />
        <field name="gilman_menugroup" value="8bcc4110-2623-ed11-b83e-000d3a597799" lookupentity="gilman_menugroup" lookupentityname="Tools" />
        <field name="gilman_menuitemid" value="2a24022b-2623-ed11-b83e-000d3a597799" />
        <field name="modifiedby" value="0cdfa0ee-efaa-ec11-983f-000d3a59e400" lookupentity="systemuser" lookupentityname="Jon Gilman" />
        <field name="modifiedon" value="2022-08-23T20:57:49.0000000Z" />
        <field name="gilman_name" value="Roles" />
        <field name="gilman_order" value="1" />
        <field name="ownerid" value="0cdfa0ee-efaa-ec11-983f-000d3a59e400" lookupentity="systemuser" lookupentityname="Jon Gilman" />
        <field name="owningbusinessunit" value="b52a5002-34a7-ec11-9840-000d3a5c98cc" lookupentity="businessunit" lookupentityname="orgb4a78883" />
        <field name="owninguser" value="0cdfa0ee-efaa-ec11-983f-000d3a59e400" lookupentity="systemuser" />
        <field name="statecode" value="0" />
        <field name="statuscode" value="1" />
      </record>
      <record id="8fce6f50-2623-ed11-b83e-000d3a597799">
        <field name="createdby" value="0cdfa0ee-efaa-ec11-983f-000d3a59e400" lookupentity="systemuser" lookupentityname="Jon Gilman" />
        <field name="createdon" value="2022-08-23T20:58:19.0000000Z" />
        <field name="gilman_icon" value="builtinicon:ArrowDown" />
        <field name="gilman_menugroup" value="8bcc4110-2623-ed11-b83e-000d3a597799" lookupentity="gilman_menugroup" lookupentityname="Tools" />
        <field name="gilman_menuitemid" value="8fce6f50-2623-ed11-b83e-000d3a597799" />
        <field name="modifiedby" value="0cdfa0ee-efaa-ec11-983f-000d3a59e400" lookupentity="systemuser" lookupentityname="Jon Gilman" />
        <field name="modifiedon" value="2022-08-23T20:58:19.0000000Z" />
        <field name="gilman_name" value="Drop Downs" />
        <field name="gilman_order" value="2" />
        <field name="ownerid" value="0cdfa0ee-efaa-ec11-983f-000d3a59e400" lookupentity="systemuser" lookupentityname="Jon Gilman" />
        <field name="owningbusinessunit" value="b52a5002-34a7-ec11-9840-000d3a5c98cc" lookupentity="businessunit" lookupentityname="orgb4a78883" />
        <field name="owninguser" value="0cdfa0ee-efaa-ec11-983f-000d3a59e400" lookupentity="systemuser" />
        <field name="statecode" value="0" />
        <field name="statuscode" value="1" />
      </record>
      <record id="0abd049a-2623-ed11-b83e-000d3a597799">
        <field name="createdby" value="0cdfa0ee-efaa-ec11-983f-000d3a59e400" lookupentity="systemuser" lookupentityname="Jon Gilman" />
        <field name="createdon" value="2022-08-23T21:00:25.0000000Z" />
        <field name="gilman_icon" value="builtinicon:Airplane" />
        <field name="gilman_menugroup" value="8bcc4110-2623-ed11-b83e-000d3a597799" lookupentity="gilman_menugroup" lookupentityname="Tools" />
        <field name="gilman_menuitemid" value="0abd049a-2623-ed11-b83e-000d3a597799" />
        <field name="modifiedby" value="0cdfa0ee-efaa-ec11-983f-000d3a59e400" lookupentity="systemuser" lookupentityname="Jon Gilman" />
        <field name="modifiedon" value="2022-08-23T21:00:25.0000000Z" />
        <field name="gilman_name" value="API Explorer" />
        <field name="gilman_order" value="4" />
        <field name="ownerid" value="0cdfa0ee-efaa-ec11-983f-000d3a59e400" lookupentity="systemuser" lookupentityname="Jon Gilman" />
        <field name="owningbusinessunit" value="b52a5002-34a7-ec11-9840-000d3a5c98cc" lookupentity="businessunit" lookupentityname="orgb4a78883" />
        <field name="owninguser" value="0cdfa0ee-efaa-ec11-983f-000d3a59e400" lookupentity="systemuser" />
        <field name="statecode" value="0" />
        <field name="statuscode" value="1" />
      </record>
    </records>
    <m2mrelationships />
  </entity>
</entities>