﻿<?xml version="1.0" encoding="utf-8"?>
<ImportExportXml version="9.2.23072.186" SolutionPackageVersion="9.2" languagecode="1033" generatedBy="CrmLive" xmlns:xsi="http://www.w3.org/2001/XMLSchema-instance">
  <SolutionManifest>
    <UniqueName>mpa_SAPBase</UniqueName>
    <LocalizedNames>
      <LocalizedName description="SAP Base" languagecode="1033" />
    </LocalizedNames>
    <Descriptions>
      <Description description="Contains base components needed to both administrate and use other SAP ERP accelerator solutions developed by the Power Accelerator Team." languagecode="1033" />
    </Descriptions>
    <Version>1.0.0.58</Version>
    <Managed>1</Managed>
    <Publisher>
      <UniqueName>PowerAccelerator</UniqueName>
      <LocalizedNames>
        <LocalizedName description="Microsoft Power Accelerator" languagecode="1033" />
      </LocalizedNames>
      <Descriptions>
        <Description description="Publisher for the Microsoft Power Accelerator team." languagecode="1033" />
      </Descriptions>
      <EMailAddress xsi:nil="true"></EMailAddress>
      <SupportingWebsiteUrl xsi:nil="true"></SupportingWebsiteUrl>
      <CustomizationPrefix>mpa</CustomizationPrefix>
      <CustomizationOptionValuePrefix>86542</CustomizationOptionValuePrefix>
      <Addresses>
        <Address>
          <AddressNumber>1</AddressNumber>
          <AddressTypeCode>1</AddressTypeCode>
          <City xsi:nil="true"></City>
          <County xsi:nil="true"></County>
          <Country xsi:nil="true"></Country>
          <Fax xsi:nil="true"></Fax>
          <FreightTermsCode xsi:nil="true"></FreightTermsCode>
          <ImportSequenceNumber xsi:nil="true"></ImportSequenceNumber>
          <Latitude xsi:nil="true"></Latitude>
          <Line1 xsi:nil="true"></Line1>
          <Line2 xsi:nil="true"></Line2>
          <Line3 xsi:nil="true"></Line3>
          <Longitude xsi:nil="true"></Longitude>
          <Name xsi:nil="true"></Name>
          <PostalCode xsi:nil="true"></PostalCode>
          <PostOfficeBox xsi:nil="true"></PostOfficeBox>
          <PrimaryContactName xsi:nil="true"></PrimaryContactName>
          <ShippingMethodCode>1</ShippingMethodCode>
          <StateOrProvince xsi:nil="true"></StateOrProvince>
          <Telephone1 xsi:nil="true"></Telephone1>
          <Telephone2 xsi:nil="true"></Telephone2>
          <Telephone3 xsi:nil="true"></Telephone3>
          <TimeZoneRuleVersionNumber xsi:nil="true"></TimeZoneRuleVersionNumber>
          <UPSZone xsi:nil="true"></UPSZone>
          <UTCOffset xsi:nil="true"></UTCOffset>
          <UTCConversionTimeZoneCode xsi:nil="true"></UTCConversionTimeZoneCode>
        </Address>
        <Address>
          <AddressNumber>2</AddressNumber>
          <AddressTypeCode>1</AddressTypeCode>
          <City xsi:nil="true"></City>
          <County xsi:nil="true"></County>
          <Country xsi:nil="true"></Country>
          <Fax xsi:nil="true"></Fax>
          <FreightTermsCode xsi:nil="true"></FreightTermsCode>
          <ImportSequenceNumber xsi:nil="true"></ImportSequenceNumber>
          <Latitude xsi:nil="true"></Latitude>
          <Line1 xsi:nil="true"></Line1>
          <Line2 xsi:nil="true"></Line2>
          <Line3 xsi:nil="true"></Line3>
          <Longitude xsi:nil="true"></Longitude>
          <Name xsi:nil="true"></Name>
          <PostalCode xsi:nil="true"></PostalCode>
          <PostOfficeBox xsi:nil="true"></PostOfficeBox>
          <PrimaryContactName xsi:nil="true"></PrimaryContactName>
          <ShippingMethodCode>1</ShippingMethodCode>
          <StateOrProvince xsi:nil="true"></StateOrProvince>
          <Telephone1 xsi:nil="true"></Telephone1>
          <Telephone2 xsi:nil="true"></Telephone2>
          <Telephone3 xsi:nil="true"></Telephone3>
          <TimeZoneRuleVersionNumber xsi:nil="true"></TimeZoneRuleVersionNumber>
          <UPSZone xsi:nil="true"></UPSZone>
          <UTCOffset xsi:nil="true"></UTCOffset>
          <UTCConversionTimeZoneCode xsi:nil="true"></UTCConversionTimeZoneCode>
        </Address>
      </Addresses>
    </Publisher>
    <RootComponents>
      <RootComponent type="1" schemaName="mpa_saperror" behavior="0" />
      <RootComponent type="1" schemaName="mpa_saplistofvalue" behavior="0" />
      <RootComponent type="1" schemaName="mpa_saplocalization" behavior="0" />
      <RootComponent type="1" schemaName="mpa_sapmenuitem" behavior="0" />
      <RootComponent type="1" schemaName="mpa_sapsearchhistory" behavior="0" />
      <RootComponent type="1" schemaName="team" behavior="2" />
      <RootComponent type="20" id="{1d937873-83bc-ed11-83ff-002248049af9}" behavior="0" />
      <RootComponent type="20" id="{89693558-83bc-ed11-83ff-002248049af9}" behavior="0" />
      <RootComponent type="431" schemaName="mpa_sapmenuitem mpa_icon" behavior="0" />
      <RootComponent type="432" schemaName="mpa_sapmenuitem" behavior="0" />
      <RootComponent type="61" schemaName="mpa_ErrorIcon" behavior="0" />
      <RootComponent type="61" schemaName="mpa_ListofValueIcon" behavior="0" />
      <RootComponent type="61" schemaName="mpa_MenuItemsIcon" behavior="0" />
      <RootComponent type="61" schemaName="mpa_SAPTemplateLogoPNG" behavior="0" />
      <RootComponent type="61" schemaName="mpa_SAPTemplateLogoSVG" behavior="0" />
      <RootComponent type="61" schemaName="mpa_WorldIcon" behavior="0" />
      <RootComponent type="62" schemaName="mpa_SAPSolutionAdministrator" behavior="0" />
      <RootComponent type="80" schemaName="mpa_SAPSolutionAdministrator" behavior="0" />
      <RootComponent type="9" schemaName="mpa_language" behavior="0" />
    </RootComponents>
    <MissingDependencies>
      <MissingDependency>
        <Required type="26" schemaName="Soft deleted Users" displayName="Soft deleted Users" parentSchemaName="systemuser" parentDisplayName="User" solution="AuthorizationCore (1.96.0.0)" id="{5fda842a-004b-42b4-a611-b93c2c69667e}" />
        <Dependent type="80" schemaName="mpa_SAPSolutionAdministrator" displayName="SAP Template Administrator" />
      </MissingDependency>
    </MissingDependencies>
  </SolutionManifest>
</ImportExportXml>